id,car_model,car_model_year,car_color,location_city,cost,description
e45eaacf-a8ad-47d8-8343-55c3804046b3,Ram 3500 Club,1997,Maroon,Sanli,3074.71,Cras non velit nec nisi vulputate nonummy. Maecenas tincidunt lacus at velit. Vivamus vel nulla eget eros elementum pellentesque.
fa120383-bb28-41e8-b1a5-49556ea74d91,Previa,1992,Orange,Jetafe,1142.92,Nulla ut erat id mauris vulputate elementum. Nullam varius. Nulla facilisi.
8ab82e70-90ce-42b9-ad16-848f15395bdb,Alero,2003,Fuscia,Gibara,2980.30,Etiam vel augue. Vestibulum rutrum rutrum neque. Aenean auctor gravida sem.
24f0f4ea-0666-4c10-aeff-2a235053aab4,Armada,2007,Purple,Stockholm,3853.79,Nullam sit amet turpis elementum ligula vehicula consequat. Morbi a ipsum. Integer a nibh.
e9b224e3-5abf-4058-9584-3c917924e56e,Excursion,2002,Goldenrod,Cincinnati,3214.36,"Proin leo odio, porttitor id, consequat in, consequat ut, nulla. Sed accumsan felis. Ut at dolor quis odio consequat varius."
ac39b72c-9c53-437f-90f1-95794513f69e,7 Series,2010,Red,Campos do Jordão,1595.79,"Cum sociis natoque penatibus et magnis dis parturient montes, nascetur ridiculus mus. Vivamus vestibulum sagittis sapien. Cum sociis natoque penatibus et magnis dis parturient montes, nascetur ridiculus mus."
0c388d62-a43c-4d79-bfc7-36b47bb89cc0,E250,2008,Puce,San Mariano,520.74,Nullam porttitor lacus at turpis. Donec posuere metus vitae ipsum. Aliquam non mauris.
14496898-7582-4cd3-9631-3fea7e901f52,Alero,1999,Teal,Volksrust,2765.21,"Curabitur in libero ut massa volutpat convallis. Morbi odio odio, elementum eu, interdum eu, tincidunt in, leo. Maecenas pulvinar lobortis est."
91c93091-45f6-4faa-ba98-5091508d6726,9-5,2000,Green,Probolinggo,1260.57,"Vestibulum ac est lacinia nisi venenatis tristique. Fusce congue, diam id ornare imperdiet, sapien urna pretium nisl, ut volutpat sapien arcu sed augue. Aliquam erat volutpat."
cd2f0159-6af7-49e2-bbe1-94c5e087b804,928,1987,Blue,Pôrto Barra do Ivinheima,2171.72,"Curabitur gravida nisi at nibh. In hac habitasse platea dictumst. Aliquam augue quam, sollicitudin vitae, consectetuer eget, rutrum at, lorem."
410b0294-9231-4d28-9105-bbe848ac1938,Neon,1997,Yellow,Ladário,138.27,"Proin leo odio, porttitor id, consequat in, consequat ut, nulla. Sed accumsan felis. Ut at dolor quis odio consequat varius."
359397f4-b0c5-48ef-baeb-147dae717136,300,2005,Blue,Kurjan,3700.68,In quis justo. Maecenas rhoncus aliquam lacus. Morbi quis tortor id nulla ultrices aliquet.
46cfe5a9-2efe-44fc-b987-ead37360dca5,S-Class,2002,Indigo,La Unión,843.15,Duis consequat dui nec nisi volutpat eleifend. Donec ut dolor. Morbi vel lectus in quam fringilla rhoncus.
60b2d5aa-f1da-4cde-b896-97609b9116be,GTI,2012,Green,Jovellar,3057.36,Nulla ut erat id mauris vulputate elementum. Nullam varius. Nulla facilisi.
56dae1cd-33da-4eaa-98c2-8cc833cc036b,Q,2004,Pink,Sobienie Jeziory,1948.80,"Lorem ipsum dolor sit amet, consectetuer adipiscing elit. Proin risus. Praesent lectus."
8b9cb049-eb23-4282-9970-3c98fbbd9b52,Eldorado,1997,Mauv,Zhouji,126.28,Duis aliquam convallis nunc. Proin at turpis a pede posuere nonummy. Integer non velit.
00c01b81-9ca2-4e9a-996d-4da7f37d7c6b,S10,1993,Maroon,Pugeran,512.87,Duis bibendum. Morbi non quam nec dui luctus rutrum. Nulla tellus.
50e4e76e-33af-4c2f-acd7-d6a42ef45ea3,XC70,2005,Red,Sukasari,2136.70,"Vestibulum ac est lacinia nisi venenatis tristique. Fusce congue, diam id ornare imperdiet, sapien urna pretium nisl, ut volutpat sapien arcu sed augue. Aliquam erat volutpat."
c16fdffc-bfb2-4159-ace0-c4fb49a9446e,Elantra,2007,Khaki,Camatindi,3655.30,"Quisque porta volutpat erat. Quisque erat eros, viverra eget, congue eget, semper rutrum, nulla. Nunc purus."
ff1f535f-e2de-4e87-8366-336035f11a3b,Passat,1987,Khaki,Manicahan,309.59,Fusce consequat. Nulla nisl. Nunc nisl.
2a385e7a-8832-4b3e-97d6-55aa212077a1,Prius,2008,Puce,La Concepcion,1094.53,"Curabitur in libero ut massa volutpat convallis. Morbi odio odio, elementum eu, interdum eu, tincidunt in, leo. Maecenas pulvinar lobortis est."
f63d158e-9142-4133-b596-dfa10dc3d6c6,MKZ,2011,Fuscia,Xuedian,2309.10,"Sed sagittis. Nam congue, risus semper porta volutpat, quam pede lobortis ligula, sit amet eleifend pede libero quis orci. Nullam molestie nibh in lectus."
8f5a14bd-f83c-493e-9472-014fa7da8774,Galant,1989,Fuscia,Jāmpur,505.25,In hac habitasse platea dictumst. Etiam faucibus cursus urna. Ut tellus.
5d3f5c5d-b79e-4aa4-a915-2d458982fe90,Fit,2007,Orange,Jawor,1180.52,Integer tincidunt ante vel ipsum. Praesent blandit lacinia erat. Vestibulum sed magna at nunc commodo placerat.
1395b26c-4fb3-4f3a-b57e-626b9d34d315,164,1994,Green,Houndé,2576.40,"Fusce posuere felis sed lacus. Morbi sem mauris, laoreet ut, rhoncus aliquet, pulvinar sed, nisl. Nunc rhoncus dui vel sem."
b2b7afb1-a42c-416e-a686-0dbd6f8cba93,Z4 M,2006,Red,Polazna,3966.59,Nullam porttitor lacus at turpis. Donec posuere metus vitae ipsum. Aliquam non mauris.
0de5d8a8-ebc7-408b-ac33-e2ae264901e2,Galant,1998,Crimson,Tambaksari,1217.22,"Quisque porta volutpat erat. Quisque erat eros, viverra eget, congue eget, semper rutrum, nulla. Nunc purus."
a59d0a96-f21f-48e4-905a-be7d71724b93,X6,2012,Puce,Borovoy,1730.62,"Vestibulum quam sapien, varius ut, blandit non, interdum in, ante. Vestibulum ante ipsum primis in faucibus orci luctus et ultrices posuere cubilia Curae; Duis faucibus accumsan odio. Curabitur convallis."
651da7ba-0c99-4993-8377-3ffd7f56847f,Accord,2000,Orange,Tianzhou,842.43,Integer ac leo. Pellentesque ultrices mattis odio. Donec vitae nisi.
a90e1bba-f62a-4cf6-84c2-a6cb42d0eeb9,CR-V,1997,Green,Trnovska Vas,667.27,"Morbi porttitor lorem id ligula. Suspendisse ornare consequat lectus. In est risus, auctor sed, tristique in, tempus sit amet, sem."
12e98f75-8886-4590-9c58-0d8c3b9face2,2500,1999,Violet,Same,1403.79,"Proin leo odio, porttitor id, consequat in, consequat ut, nulla. Sed accumsan felis. Ut at dolor quis odio consequat varius."
a5315108-6f31-4785-9f12-724d7cb3d03e,Avalanche,2002,Green,Tumba,637.57,"Quisque id justo sit amet sapien dignissim vestibulum. Vestibulum ante ipsum primis in faucibus orci luctus et ultrices posuere cubilia Curae; Nulla dapibus dolor vel est. Donec odio justo, sollicitudin ut, suscipit a, feugiat et, eros."
d29b3aec-3ab2-4634-a987-1c104d75ffe9,Fleetwood,1992,Violet,Rungis,323.70,Praesent id massa id nisl venenatis lacinia. Aenean sit amet justo. Morbi ut odio.
114e9332-b01b-4071-b71f-690859dd8674,Town Car,2003,Pink,Karlstad,2684.61,In hac habitasse platea dictumst. Etiam faucibus cursus urna. Ut tellus.
5e43caae-e6b2-41ee-8bed-8e154e4e4cae,Esperante,2007,Orange,Montauban,2813.91,Nullam porttitor lacus at turpis. Donec posuere metus vitae ipsum. Aliquam non mauris.
2475cf72-3e16-440a-aeb6-18aeb9bd86e9,Silverado 2500,2003,Puce,Zhetang,716.03,In hac habitasse platea dictumst. Etiam faucibus cursus urna. Ut tellus.
2bda2503-4eb4-4e5b-864e-f7e527d1c853,Windstar,2001,Orange,Rumilly,2429.82,Integer ac leo. Pellentesque ultrices mattis odio. Donec vitae nisi.
2d7eca4f-8212-4959-a314-e9b9106833da,Quest,2011,Khaki,Campoalegre,542.43,Etiam vel augue. Vestibulum rutrum rutrum neque. Aenean auctor gravida sem.
ca115557-01d8-4c54-99b3-421ca2cf9444,XLR-V,2009,Green,Whakatane,2910.23,"Proin leo odio, porttitor id, consequat in, consequat ut, nulla. Sed accumsan felis. Ut at dolor quis odio consequat varius."
51325229-041e-455d-bbf7-8faa3c851a35,Corvette,1964,Puce,Ivoti,2667.16,"In sagittis dui vel nisl. Duis ac nibh. Fusce lacus purus, aliquet at, feugiat non, pretium quis, lectus."
009ca07d-ac58-4d10-9522-4c7f4a6d81c1,Yukon XL 1500,2001,Blue,Necochea,1639.70,In congue. Etiam justo. Etiam pretium iaculis justo.
de34677d-aed0-4fb9-8b27-6fca84a7c289,Expedition,2000,Fuscia,Grebnevo,636.31,Fusce consequat. Nulla nisl. Nunc nisl.
22510908-2420-4631-a4c4-8f7e88fc907e,200,1990,Turquoise,Dalududalu,699.62,"Cum sociis natoque penatibus et magnis dis parturient montes, nascetur ridiculus mus. Vivamus vestibulum sagittis sapien. Cum sociis natoque penatibus et magnis dis parturient montes, nascetur ridiculus mus."
24f70bdb-b9e1-47d6-8856-b907bd55bb77,Crown Victoria,1999,Red,Lazaro Cardenas,1703.60,Phasellus sit amet erat. Nulla tempus. Vivamus in felis eu sapien cursus vestibulum.
54f910ea-5f98-4fe4-9d5d-a3d90f046045,Camry,2007,Mauv,Blumbang,3850.59,"Morbi porttitor lorem id ligula. Suspendisse ornare consequat lectus. In est risus, auctor sed, tristique in, tempus sit amet, sem."
9f63fe3b-8e91-4d8a-8fba-9b19c3e88a21,Q,2000,Purple,Jajarkrajan,463.94,"Proin leo odio, porttitor id, consequat in, consequat ut, nulla. Sed accumsan felis. Ut at dolor quis odio consequat varius."
c603b67a-65b4-4658-b732-052ced6dd82b,Evora,2012,Purple,Ágios Efstrátios,3112.03,Duis bibendum. Morbi non quam nec dui luctus rutrum. Nulla tellus.
368846ac-41ce-4616-ab07-008aea9e8516,Civic,1990,Khaki,Tosu,3218.12,"Cras mi pede, malesuada in, imperdiet et, commodo vulputate, justo. In blandit ultrices enim. Lorem ipsum dolor sit amet, consectetuer adipiscing elit."
b15365e4-3157-46e9-8401-c1ae05e11781,Rio,2011,Violet,Shanmuqiao,1652.31,Integer ac leo. Pellentesque ultrices mattis odio. Donec vitae nisi.
7fa3f3a2-a364-42a4-a0bb-be0fc8f00d92,Sentra,2007,Blue,Hetang,101.30,Duis bibendum. Morbi non quam nec dui luctus rutrum. Nulla tellus.
d800738c-5154-41bf-bf71-635257bb4546,RX,2002,Goldenrod,Parion,2170.35,Suspendisse potenti. In eleifend quam a odio. In hac habitasse platea dictumst.
2032360b-a53c-47c8-bed5-38435e3e1236,Sequoia,2008,Goldenrod,Gunungtua,2527.27,"Morbi non lectus. Aliquam sit amet diam in magna bibendum imperdiet. Nullam orci pede, venenatis non, sodales sed, tincidunt eu, felis."
4be9824e-ce8e-4694-9de4-960ddcb928ab,Express,2006,Pink,Krajan Kinanti,2941.94,"Quisque porta volutpat erat. Quisque erat eros, viverra eget, congue eget, semper rutrum, nulla. Nunc purus."
4b27f242-9787-4737-b7eb-4e6ea2e1103a,Mohave/Borrego,2009,Khaki,Petrovice u Karviné,480.74,"Cum sociis natoque penatibus et magnis dis parturient montes, nascetur ridiculus mus. Vivamus vestibulum sagittis sapien. Cum sociis natoque penatibus et magnis dis parturient montes, nascetur ridiculus mus."
87d39b34-b6be-44cf-9c05-7ed5e28f1912,Sunbird,1994,Khaki,Cisewu,620.52,Nulla ut erat id mauris vulputate elementum. Nullam varius. Nulla facilisi.
f467a2d6-e3e7-4a40-8690-3a2c9238d7af,B-Series,1987,Aquamarine,Thị Trấn Quảng Uyên,427.89,"Curabitur at ipsum ac tellus semper interdum. Mauris ullamcorper purus sit amet nulla. Quisque arcu libero, rutrum ac, lobortis vel, dapibus at, diam."
09069737-84f9-4f0d-b672-1ffce472e979,Escort,1999,Green,Ngembul,1623.40,Nullam sit amet turpis elementum ligula vehicula consequat. Morbi a ipsum. Integer a nibh.
50431a19-7ba7-4861-8eb6-e0940da4123c,Prelude,1992,Yellow,Dalupirip,3887.04,"Proin interdum mauris non ligula pellentesque ultrices. Phasellus id sapien in sapien iaculis congue. Vivamus metus arcu, adipiscing molestie, hendrerit at, vulputate vitae, nisl."
f9577b80-772c-4d10-98e6-0239b876944c,Commander,2007,Indigo,Casais de Vera Cruz,1512.88,Duis aliquam convallis nunc. Proin at turpis a pede posuere nonummy. Integer non velit.
4dcfabd7-5fe3-4649-a113-f31d193ec55f,Oasis,1999,Yellow,Vertientes,1696.67,Duis consequat dui nec nisi volutpat eleifend. Donec ut dolor. Morbi vel lectus in quam fringilla rhoncus.
c29cd0db-4df6-407c-bcb7-9e4ed7979d2e,GTI,1991,Red,Taung,3367.11,In congue. Etiam justo. Etiam pretium iaculis justo.
4d28028d-8db3-434b-9b35-8aa3bbb07f14,Murciélago,2010,Maroon,Plalar,465.49,"Aenean fermentum. Donec ut mauris eget massa tempor convallis. Nulla neque libero, convallis eget, eleifend luctus, ultricies eu, nibh."
b35853a3-ac60-4ced-8833-8319029e133f,Silverado,2006,Pink,Xibei,2116.73,"Proin interdum mauris non ligula pellentesque ultrices. Phasellus id sapien in sapien iaculis congue. Vivamus metus arcu, adipiscing molestie, hendrerit at, vulputate vitae, nisl."
13f46dde-7069-4e8e-946c-f8412883275a,Freelander,2008,Indigo,Joliet,2243.91,Pellentesque at nulla. Suspendisse potenti. Cras in purus eu magna vulputate luctus.
38a2dfae-59b2-4562-8a04-ba8c785e6bd3,Concorde,1994,Indigo,Karlshamn,3076.87,Cras non velit nec nisi vulputate nonummy. Maecenas tincidunt lacus at velit. Vivamus vel nulla eget eros elementum pellentesque.
3fb07314-cc31-49f8-b5ed-704850ceb071,xB,2008,Yellow,Libertad,922.29,"Cras mi pede, malesuada in, imperdiet et, commodo vulputate, justo. In blandit ultrices enim. Lorem ipsum dolor sit amet, consectetuer adipiscing elit."
25437839-9247-4679-b430-735ffed872ea,TL,1998,Crimson,Kidal,3603.57,"Quisque id justo sit amet sapien dignissim vestibulum. Vestibulum ante ipsum primis in faucibus orci luctus et ultrices posuere cubilia Curae; Nulla dapibus dolor vel est. Donec odio justo, sollicitudin ut, suscipit a, feugiat et, eros."
7a0ee21f-1e46-4a13-90a7-bd53c3563182,500SL,1992,Pink,Tlogowungu,1471.15,In hac habitasse platea dictumst. Etiam faucibus cursus urna. Ut tellus.
7e083e13-1f19-425c-9c9b-01dbc4ad872a,Escort,1988,Violet,Selajambe Satu,331.76,"Maecenas tristique, est et tempus semper, est quam pharetra magna, ac consequat metus sapien ut nunc. Vestibulum ante ipsum primis in faucibus orci luctus et ultrices posuere cubilia Curae; Mauris viverra diam vitae quam. Suspendisse potenti."
5cae9142-2093-413e-9336-3db9473ea4d4,Titan,2010,Goldenrod,Shakhta,3625.04,Integer ac leo. Pellentesque ultrices mattis odio. Donec vitae nisi.
499215ac-2ad5-4486-8ce1-a78286c292e3,E-Series,1986,Khaki,Kungsbacka,3282.11,"Aenean fermentum. Donec ut mauris eget massa tempor convallis. Nulla neque libero, convallis eget, eleifend luctus, ultricies eu, nibh."
0c4143cc-fbdc-41a3-b5de-ef36c445f352,Aveo,2008,Indigo,Huinca Renancó,856.08,Nullam sit amet turpis elementum ligula vehicula consequat. Morbi a ipsum. Integer a nibh.
903fdf4c-543e-4a61-bd8d-cf9d0b153247,MKS,2009,Mauv,Ledenice,443.78,Fusce consequat. Nulla nisl. Nunc nisl.
751e087b-52cf-4b03-8b0c-330aa9a7b2f6,Capri,1992,Crimson,Leceia,514.62,Duis aliquam convallis nunc. Proin at turpis a pede posuere nonummy. Integer non velit.
f510d0f8-a746-41ad-bfa8-4a0b9ce923ed,Suburban 2500,2010,Red,Miskolc,1224.26,Integer ac leo. Pellentesque ultrices mattis odio. Donec vitae nisi.
ed305c3e-e0d5-41dd-8c6d-4aabb5993b34,GT,2006,Teal,Ivatsevichy,222.61,Integer ac leo. Pellentesque ultrices mattis odio. Donec vitae nisi.
3bf3b0bf-af30-40a4-a730-e5f4010ede7a,Aviator,2003,Fuscia,Pulau Tiga,1836.99,Integer tincidunt ante vel ipsum. Praesent blandit lacinia erat. Vestibulum sed magna at nunc commodo placerat.
3ff2f1e6-885e-41fe-aacb-c79417d1d910,Bonneville,1966,Khaki,Vnorovy,1314.99,"In hac habitasse platea dictumst. Morbi vestibulum, velit id pretium iaculis, diam erat fermentum justo, nec condimentum neque sapien placerat ante. Nulla justo."
abaa558c-33ca-4520-95c0-ea8f592be586,Eclipse,2012,Turquoise,Ḏânan,3966.22,"In hac habitasse platea dictumst. Morbi vestibulum, velit id pretium iaculis, diam erat fermentum justo, nec condimentum neque sapien placerat ante. Nulla justo."
526d149e-d5ed-4c5f-9cfd-c709d4e56cf9,Challenger,2002,Red,Piltown,1348.19,Nulla ut erat id mauris vulputate elementum. Nullam varius. Nulla facilisi.
f573293a-0cf6-4592-9a58-5fcb4e56b37a,Tracker,2001,Pink,Araulí,2586.70,Integer ac leo. Pellentesque ultrices mattis odio. Donec vitae nisi.
7e9372c9-0d4b-498b-86c7-caf72f1ee4bc,Bonneville,1989,Teal,Gardutanjak,1738.83,"Maecenas tristique, est et tempus semper, est quam pharetra magna, ac consequat metus sapien ut nunc. Vestibulum ante ipsum primis in faucibus orci luctus et ultrices posuere cubilia Curae; Mauris viverra diam vitae quam. Suspendisse potenti."
a43de57f-7b82-47b8-a8f8-273200b15f50,Tundra,2005,Maroon,Maqiu,339.00,"Proin interdum mauris non ligula pellentesque ultrices. Phasellus id sapien in sapien iaculis congue. Vivamus metus arcu, adipiscing molestie, hendrerit at, vulputate vitae, nisl."
f6548f60-6ba3-4e28-8b8b-3d0fdd5a9c93,Tempest,1965,Goldenrod,Na Di,3541.69,Duis aliquam convallis nunc. Proin at turpis a pede posuere nonummy. Integer non velit.
cc74f057-be4a-400f-80ee-30f4369097f7,SLK-Class,2009,Teal,Xincheng,1568.23,"Morbi non lectus. Aliquam sit amet diam in magna bibendum imperdiet. Nullam orci pede, venenatis non, sodales sed, tincidunt eu, felis."
5e449c09-e00d-46e7-a78b-4d0a72f99ccd,Vandura 1500,1993,Goldenrod,Yuelai,3575.05,Phasellus sit amet erat. Nulla tempus. Vivamus in felis eu sapien cursus vestibulum.
7d827731-1e1b-4603-8ff2-4ae5a879cb98,Entourage,2007,Maroon,Al Ḩarajah,2022.17,"Vestibulum ac est lacinia nisi venenatis tristique. Fusce congue, diam id ornare imperdiet, sapien urna pretium nisl, ut volutpat sapien arcu sed augue. Aliquam erat volutpat."
7cfd8db6-dc51-49a0-974b-00aac4cc1867,C/V,2012,Teal,Kenitra,2074.55,Nullam sit amet turpis elementum ligula vehicula consequat. Morbi a ipsum. Integer a nibh.
07bc28f0-0aea-4174-8ab3-7a29c563e34c,Explorer,2012,Goldenrod,Villa Ojo de Agua,1849.99,Duis bibendum. Morbi non quam nec dui luctus rutrum. Nulla tellus.
e58bab36-a277-4690-bcb3-d72b16bff21f,Escort,1987,Teal,Pingfeng,2801.84,"Proin interdum mauris non ligula pellentesque ultrices. Phasellus id sapien in sapien iaculis congue. Vivamus metus arcu, adipiscing molestie, hendrerit at, vulputate vitae, nisl."
f679673a-c84c-4978-8274-9bfda9b70b34,Charger,2011,Indigo,Temyasovo,2531.68,Phasellus sit amet erat. Nulla tempus. Vivamus in felis eu sapien cursus vestibulum.
6ef22e55-d02c-4ba5-8b21-d63fbe85f01b,3 Series,2002,Maroon,Faisalābād,3689.45,"Cras mi pede, malesuada in, imperdiet et, commodo vulputate, justo. In blandit ultrices enim. Lorem ipsum dolor sit amet, consectetuer adipiscing elit."
03362b3a-b6f2-493d-84c5-eb8f8141b9ca,M,2002,Violet,Ljusdal,886.10,Etiam vel augue. Vestibulum rutrum rutrum neque. Aenean auctor gravida sem.
88a86359-129c-4dc9-b341-669476bc32ee,Roadmaster,1992,Pink,Göteborg,2972.06,"Vestibulum quam sapien, varius ut, blandit non, interdum in, ante. Vestibulum ante ipsum primis in faucibus orci luctus et ultrices posuere cubilia Curae; Duis faucibus accumsan odio. Curabitur convallis."
0a98cd2e-37dc-41fc-a57a-e46c33230a91,Mighty Max,1996,Orange,Andradina,2488.15,"Sed sagittis. Nam congue, risus semper porta volutpat, quam pede lobortis ligula, sit amet eleifend pede libero quis orci. Nullam molestie nibh in lectus."
a8b7ba36-2e39-4251-b85c-7d79c1106197,Maxima,2009,Crimson,Vale de Figueira,938.67,"Quisque id justo sit amet sapien dignissim vestibulum. Vestibulum ante ipsum primis in faucibus orci luctus et ultrices posuere cubilia Curae; Nulla dapibus dolor vel est. Donec odio justo, sollicitudin ut, suscipit a, feugiat et, eros."
6eeb05d7-ed93-4ca2-9510-52c1e749941c,Suburban 2500,1995,Goldenrod,Wanglian,3606.65,"Nam ultrices, libero non mattis pulvinar, nulla pede ullamcorper augue, a suscipit nulla elit ac nulla. Sed vel enim sit amet nunc viverra dapibus. Nulla suscipit ligula in lacus."
cd58e0be-5220-4fc8-8962-398fbb055bb1,Biturbo,1984,Crimson,Concepción del Bermejo,3909.74,Integer tincidunt ante vel ipsum. Praesent blandit lacinia erat. Vestibulum sed magna at nunc commodo placerat.
9c24d1e2-8879-4eec-bfdc-db02d67d4a63,Sidekick,1996,Aquamarine,Pogwizdów,1642.95,Cras non velit nec nisi vulputate nonummy. Maecenas tincidunt lacus at velit. Vivamus vel nulla eget eros elementum pellentesque.
f5eca871-d676-49d5-8159-4b82573a3cda,Corvette,1988,Khaki,Tchintabaraden,231.36,"Lorem ipsum dolor sit amet, consectetuer adipiscing elit. Proin risus. Praesent lectus."
d4a97c83-1f28-492c-83e8-23b570c6399a,Brat,1986,Mauv,Cầu Giấy,473.04,Phasellus sit amet erat. Nulla tempus. Vivamus in felis eu sapien cursus vestibulum.
388733c7-bd2a-4689-a9ae-c029f95f1f2e,S-Series,2001,Puce,Sang-e Chārak,2813.40,Duis aliquam convallis nunc. Proin at turpis a pede posuere nonummy. Integer non velit.
8abf98e5-257b-4a49-b9ec-8c7e0c19e734,Windstar,2004,Aquamarine,Ghāt,691.77,"Praesent blandit. Nam nulla. Integer pede justo, lacinia eget, tincidunt eget, tempus vel, pede."
e2be265f-ac24-4db9-ab91-2dd89bcacbaa,Elise,2007,Yellow,Alicia,1639.83,"Praesent blandit. Nam nulla. Integer pede justo, lacinia eget, tincidunt eget, tempus vel, pede."
cbaf0d07-026f-49e6-89ff-7bbafa8b0a77,Riviera,1985,Puce,Hwasun,815.47,Pellentesque at nulla. Suspendisse potenti. Cras in purus eu magna vulputate luctus.
e0bba53a-7bf2-478b-979f-5b45f0331883,Chariot,1988,Red,Bara Datu,3371.85,"Duis bibendum, felis sed interdum venenatis, turpis enim blandit mi, in porttitor pede justo eu massa. Donec dapibus. Duis at velit eu est congue elementum."
0c5575b3-69bc-498e-bee7-de9b6bf169ee,Cavalier,1996,Orange,Asino,207.22,"Curabitur in libero ut massa volutpat convallis. Morbi odio odio, elementum eu, interdum eu, tincidunt in, leo. Maecenas pulvinar lobortis est."
12a68c7f-cc7c-4374-a9ee-08fe40001415,Expo,1993,Blue,Mercedes,3649.20,"Mauris enim leo, rhoncus sed, vestibulum sit amet, cursus id, turpis. Integer aliquet, massa id lobortis convallis, tortor risus dapibus augue, vel accumsan tellus nisi eu orci. Mauris lacinia sapien quis libero."
3b6c89b3-8aed-432d-9b68-3ccf00da8549,LaCrosse,2009,Crimson,Xinsheng,142.01,"Curabitur in libero ut massa volutpat convallis. Morbi odio odio, elementum eu, interdum eu, tincidunt in, leo. Maecenas pulvinar lobortis est."
c54bc7fe-793d-4abb-b9bd-1182a22590f7,Tiguan,2010,Teal,Lingyuan,1127.87,"Praesent blandit. Nam nulla. Integer pede justo, lacinia eget, tincidunt eget, tempus vel, pede."
682eb35d-072f-4f93-9864-03c558a0a7f0,Quest,2007,Indigo,Ar Rubū‘,3792.66,Integer tincidunt ante vel ipsum. Praesent blandit lacinia erat. Vestibulum sed magna at nunc commodo placerat.
7ba4e004-9b04-4550-bbf0-1454290ec972,Escort ZX2,2003,Mauv,Cikawung,2377.51,"Nam ultrices, libero non mattis pulvinar, nulla pede ullamcorper augue, a suscipit nulla elit ac nulla. Sed vel enim sit amet nunc viverra dapibus. Nulla suscipit ligula in lacus."
e23c5e93-f5a5-45d5-be53-5afec712f3b3,Routan,2009,Khaki,San Lorenzo,2361.73,"Praesent blandit. Nam nulla. Integer pede justo, lacinia eget, tincidunt eget, tempus vel, pede."
7c67dd94-4f42-4f65-bc4e-d268834af331,200,1991,Orange,Sasa,3384.66,Integer ac leo. Pellentesque ultrices mattis odio. Donec vitae nisi.
65b3b484-884d-4769-9a78-7e478b3c8f7d,Riviera,1998,Red,Icononzo,1468.60,Maecenas ut massa quis augue luctus tincidunt. Nulla mollis molestie lorem. Quisque ut erat.
cd95648d-425d-436a-b43d-5fc7c63ff6ef,E-Series,1991,Indigo,Sinegorskiy,3720.33,Praesent id massa id nisl venenatis lacinia. Aenean sit amet justo. Morbi ut odio.
a8b73a67-2267-4d94-835a-a699662b9b83,Freelander,2011,Khaki,Grand Rapids,134.63,"Maecenas leo odio, condimentum id, luctus nec, molestie sed, justo. Pellentesque viverra pede ac diam. Cras pellentesque volutpat dui."
827f425a-b944-45ca-a5c7-cf37af38be2d,9-2X,2005,Red,Tomaszów Mazowiecki,1044.05,"Mauris enim leo, rhoncus sed, vestibulum sit amet, cursus id, turpis. Integer aliquet, massa id lobortis convallis, tortor risus dapibus augue, vel accumsan tellus nisi eu orci. Mauris lacinia sapien quis libero."
87713f5b-25d3-4ac3-8eda-91bbe5b27d5c,Regal,2003,Fuscia,Klinan,1724.61,Cras non velit nec nisi vulputate nonummy. Maecenas tincidunt lacus at velit. Vivamus vel nulla eget eros elementum pellentesque.
cac82df7-4f7a-4518-8eee-c74c85a7e208,Prelude,1986,Yellow,Frankfurt am Main,525.79,Nulla ut erat id mauris vulputate elementum. Nullam varius. Nulla facilisi.
5b5a1dc0-6475-46f9-98c8-bdc47fd09d25,Veracruz,2007,Teal,Kyriáki,1001.27,Pellentesque at nulla. Suspendisse potenti. Cras in purus eu magna vulputate luctus.
9739ccd0-4a53-4918-8c6e-f0d82e7ebbd4,New Beetle,2007,Purple,Dongyangzhen,591.68,"Curabitur gravida nisi at nibh. In hac habitasse platea dictumst. Aliquam augue quam, sollicitudin vitae, consectetuer eget, rutrum at, lorem."
8e4be0f5-b2d8-47b7-ab1f-7587bc36f351,Corvette,1993,Goldenrod,Blimbing,387.40,Suspendisse potenti. In eleifend quam a odio. In hac habitasse platea dictumst.
42cfdf39-e7ad-46b7-9abe-7c98ace66c90,Bonneville,1997,Turquoise,Al Bāriqīyah,2090.46,"Cum sociis natoque penatibus et magnis dis parturient montes, nascetur ridiculus mus. Vivamus vestibulum sagittis sapien. Cum sociis natoque penatibus et magnis dis parturient montes, nascetur ridiculus mus."
a968d224-90e3-4ddc-80d1-2b514fd8a062,Civic,2007,Yellow,Borisovka,3780.23,Phasellus sit amet erat. Nulla tempus. Vivamus in felis eu sapien cursus vestibulum.
71a48c7d-ef37-4448-8b51-da80561ce7d2,G25,2011,Yellow,Vrbovec,178.24,Cras non velit nec nisi vulputate nonummy. Maecenas tincidunt lacus at velit. Vivamus vel nulla eget eros elementum pellentesque.
4acd2fc6-6e3c-4dcd-b375-44700ffa43f9,Miata MX-5,2012,Indigo,Mhango,173.23,Nullam sit amet turpis elementum ligula vehicula consequat. Morbi a ipsum. Integer a nibh.
8cf51b6b-0d01-4c07-a757-3b7cfe7ca727,CR-V,2008,Aquamarine,Malabonot,2925.83,Phasellus sit amet erat. Nulla tempus. Vivamus in felis eu sapien cursus vestibulum.
f5a83877-113d-4ee2-a70f-0a2f8f042fc4,Grand Prix,1992,Turquoise,Al Qanāyāt,2528.21,Aenean lectus. Pellentesque eget nunc. Donec quis orci eget orci vehicula condimentum.
09ac5a41-19cd-4e66-b00a-865b1d267155,3500,2000,Maroon,Erba,2557.34,"Curabitur in libero ut massa volutpat convallis. Morbi odio odio, elementum eu, interdum eu, tincidunt in, leo. Maecenas pulvinar lobortis est."
b673eaf0-b7a0-4d14-97db-0f314f13d5fa,Aveo,2010,Blue,Biny Selo,2288.62,"Curabitur at ipsum ac tellus semper interdum. Mauris ullamcorper purus sit amet nulla. Quisque arcu libero, rutrum ac, lobortis vel, dapibus at, diam."
a04d5e82-3c01-4d1c-91af-c97ec9fc0d82,C-Class,1998,Violet,Nggesa,1343.24,Sed ante. Vivamus tortor. Duis mattis egestas metus.
a06dd69c-a068-434c-be22-2db5bf99f101,Grand Cherokee,2008,Mauv,Sumberkrajan,3469.08,Integer tincidunt ante vel ipsum. Praesent blandit lacinia erat. Vestibulum sed magna at nunc commodo placerat.
3c0b6da7-adaa-4882-b3d7-aea5e93a8be9,325,2006,Blue,Itupiranga,3089.40,Maecenas ut massa quis augue luctus tincidunt. Nulla mollis molestie lorem. Quisque ut erat.
831b6f86-be0b-43d5-b8d1-c3ee85b6b861,Justy,1988,Blue,Capitán Bermúdez,2645.00,"Maecenas leo odio, condimentum id, luctus nec, molestie sed, justo. Pellentesque viverra pede ac diam. Cras pellentesque volutpat dui."
9f94af0d-83f6-44c2-9e5c-8c7b538128a6,Mustang,1997,Pink,Meru,2599.26,"Vestibulum quam sapien, varius ut, blandit non, interdum in, ante. Vestibulum ante ipsum primis in faucibus orci luctus et ultrices posuere cubilia Curae; Duis faucibus accumsan odio. Curabitur convallis."
3795ef1c-91ce-4dda-bba1-e655c9ea1e0c,Camaro,1972,Violet,Oslo,1691.66,"Lorem ipsum dolor sit amet, consectetuer adipiscing elit. Proin risus. Praesent lectus."
6f63c751-65c7-4f09-9e64-7f5725e15035,PT Cruiser,2003,Mauv,Bunut,557.31,Integer ac leo. Pellentesque ultrices mattis odio. Donec vitae nisi.
6e45aaf4-4e74-40a6-883a-89836802e47b,Discovery Series II,1999,Puce,Al Qurḩ,939.66,Duis consequat dui nec nisi volutpat eleifend. Donec ut dolor. Morbi vel lectus in quam fringilla rhoncus.
3860dd8a-e7a3-4c68-98ee-7629f444d68b,LS,1998,Fuscia,Anabar,1509.19,Duis aliquam convallis nunc. Proin at turpis a pede posuere nonummy. Integer non velit.
63da1f49-3917-4603-8d1d-e1940af9318e,SL-Class,1995,Teal,Melaka,3164.33,Etiam vel augue. Vestibulum rutrum rutrum neque. Aenean auctor gravida sem.
90a8f0dd-e19a-4c60-b770-bedc35484292,Countach,1989,Orange,Nueva Cajamarca,2073.02,Nullam porttitor lacus at turpis. Donec posuere metus vitae ipsum. Aliquam non mauris.
4bb49c82-daeb-4f6c-bded-a7870421c544,Boxster,2000,Fuscia,Osapsio,954.17,"Proin interdum mauris non ligula pellentesque ultrices. Phasellus id sapien in sapien iaculis congue. Vivamus metus arcu, adipiscing molestie, hendrerit at, vulputate vitae, nisl."
a0aaa67d-e842-4577-be53-264844b1c1b3,Ram 2500,2002,Teal,El Corpus,3327.76,"Donec diam neque, vestibulum eget, vulputate ut, ultrices vel, augue. Vestibulum ante ipsum primis in faucibus orci luctus et ultrices posuere cubilia Curae; Donec pharetra, magna vestibulum aliquet ultrices, erat tortor sollicitudin mi, sit amet lobortis sapien sapien non mi. Integer ac neque."
048808b2-da31-4a77-9b8e-1dd7973afecf,SLK-Class,2010,Teal,Palma De Mallorca,1191.81,Sed ante. Vivamus tortor. Duis mattis egestas metus.
51e37fd1-9d86-4cd0-9582-f1ec27b7ad44,B-Series,2000,Yellow,Tamandaré,1709.37,"Lorem ipsum dolor sit amet, consectetuer adipiscing elit. Proin risus. Praesent lectus."
eba3538c-36cf-45ef-b07f-aaae35e9d38d,EXP,1988,Pink,Volodars’k-Volyns’kyy,2074.64,Integer tincidunt ante vel ipsum. Praesent blandit lacinia erat. Vestibulum sed magna at nunc commodo placerat.
3785b360-7260-43e5-93c2-4d11e4c15477,GS,1993,Pink,Āshtīān,2582.22,Praesent id massa id nisl venenatis lacinia. Aenean sit amet justo. Morbi ut odio.
97c21201-e0fb-4cd4-a58e-f8fd1324b780,Dakota,2004,Indigo,Astromil,2565.39,"Lorem ipsum dolor sit amet, consectetuer adipiscing elit. Proin risus. Praesent lectus."
fb941630-fde6-4be1-b256-f4fa5d4f257d,Challenger,1997,Teal,Wakema,1620.74,Nullam sit amet turpis elementum ligula vehicula consequat. Morbi a ipsum. Integer a nibh.
c9c50719-8354-48b1-bfd0-0a9a2a536b64,Bravada,1992,Crimson,Kalumpang,555.85,Nullam porttitor lacus at turpis. Donec posuere metus vitae ipsum. Aliquam non mauris.
ea237f92-a49a-4c87-bf80-6a3360081e04,GTI,2005,Khaki,Aragarças,1977.79,Cras non velit nec nisi vulputate nonummy. Maecenas tincidunt lacus at velit. Vivamus vel nulla eget eros elementum pellentesque.
4926c2e8-05d5-4b4c-9a1e-7c442675203b,DB9,2011,Goldenrod,Izlake,2911.01,"Vestibulum quam sapien, varius ut, blandit non, interdum in, ante. Vestibulum ante ipsum primis in faucibus orci luctus et ultrices posuere cubilia Curae; Duis faucibus accumsan odio. Curabitur convallis."
546724ef-d4b7-45e6-9a93-89ca5ff3a5d3,Protege5,2002,Orange,Mocupe,1576.47,In congue. Etiam justo. Etiam pretium iaculis justo.
42353615-24e8-4b97-a188-55d928336c3c,Highlander,2012,Turquoise,Las Vegas,1528.99,"Mauris enim leo, rhoncus sed, vestibulum sit amet, cursus id, turpis. Integer aliquet, massa id lobortis convallis, tortor risus dapibus augue, vel accumsan tellus nisi eu orci. Mauris lacinia sapien quis libero."
0cc1892f-4cb5-4dd4-bf9e-387f73dd07c2,Caliber,2012,Aquamarine,Zhishan,1691.04,"Maecenas leo odio, condimentum id, luctus nec, molestie sed, justo. Pellentesque viverra pede ac diam. Cras pellentesque volutpat dui."
b8177e35-eacf-4122-8bd7-7186f2bff84c,Econoline E350,1999,Puce,Yongfeng,3438.77,"Curabitur at ipsum ac tellus semper interdum. Mauris ullamcorper purus sit amet nulla. Quisque arcu libero, rutrum ac, lobortis vel, dapibus at, diam."
d117f36d-e7d4-45bf-8119-9cc3c691b9e1,Ram 1500,1997,Yellow,Bang Bon,1642.29,"In sagittis dui vel nisl. Duis ac nibh. Fusce lacus purus, aliquet at, feugiat non, pretium quis, lectus."
5ff8b7a3-2f10-4743-8609-3497df852957,Continental Flying Spur,2006,Yellow,Bucu Kidul,2436.43,"Donec diam neque, vestibulum eget, vulputate ut, ultrices vel, augue. Vestibulum ante ipsum primis in faucibus orci luctus et ultrices posuere cubilia Curae; Donec pharetra, magna vestibulum aliquet ultrices, erat tortor sollicitudin mi, sit amet lobortis sapien sapien non mi. Integer ac neque."
95f25ab2-6124-4288-b840-014eb421f893,Avenger,1995,Violet,Rego de Água,2013.50,"Praesent blandit. Nam nulla. Integer pede justo, lacinia eget, tincidunt eget, tempus vel, pede."
38095c08-59e0-46fa-b212-58296345139c,Yukon XL 1500,2006,Yellow,Cerro,1843.81,"Morbi porttitor lorem id ligula. Suspendisse ornare consequat lectus. In est risus, auctor sed, tristique in, tempus sit amet, sem."
02cf07ab-9f9a-4646-86db-c3b2150bbacd,850,1996,Fuscia,Hallsberg,3598.94,Cras non velit nec nisi vulputate nonummy. Maecenas tincidunt lacus at velit. Vivamus vel nulla eget eros elementum pellentesque.
46dde798-9c71-4c70-b6df-0680cee77e85,M-Class,2012,Turquoise,Rupe,260.37,Duis consequat dui nec nisi volutpat eleifend. Donec ut dolor. Morbi vel lectus in quam fringilla rhoncus.
da8a5dbd-5ff6-49e8-b368-e44e04b2e916,90,1990,Crimson,Pedra Azul,3633.28,Fusce consequat. Nulla nisl. Nunc nisl.
2d807a65-9482-4d47-b81b-68153b356f64,Vantage,2011,Fuscia,Rivera,786.80,"Cum sociis natoque penatibus et magnis dis parturient montes, nascetur ridiculus mus. Vivamus vestibulum sagittis sapien. Cum sociis natoque penatibus et magnis dis parturient montes, nascetur ridiculus mus."
cd52a09b-e28c-42f6-b020-18fa237055b9,Suburban 2500,1999,Crimson,Sandviken,107.87,Integer ac leo. Pellentesque ultrices mattis odio. Donec vitae nisi.
bca96ed0-66bd-44d9-b019-3878c1c303ab,Q7,2012,Yellow,Chyšky,1181.33,Integer ac leo. Pellentesque ultrices mattis odio. Donec vitae nisi.
c23d2113-4c61-4265-892a-c125164607e5,Colorado,2012,Crimson,Puspajaya,2495.45,In quis justo. Maecenas rhoncus aliquam lacus. Morbi quis tortor id nulla ultrices aliquet.
9faf6151-4894-4d67-8d2d-0ca916ab0f34,900,1984,Red,Řečany nad Labem,435.21,"Praesent blandit. Nam nulla. Integer pede justo, lacinia eget, tincidunt eget, tempus vel, pede."
50c251f6-7b8f-4dd9-abc8-15f950713fc0,Avalon,2008,Puce,Khilok,1689.44,"Quisque porta volutpat erat. Quisque erat eros, viverra eget, congue eget, semper rutrum, nulla. Nunc purus."
94b0b592-8e2a-4d24-b834-3038084502ae,LS Hybrid,2010,Khaki,Banes,2526.42,Integer ac leo. Pellentesque ultrices mattis odio. Donec vitae nisi.
d808babb-bf95-4f8a-bf66-48366fc936fc,9-3,2009,Pink,Rudnya,1300.30,"Donec diam neque, vestibulum eget, vulputate ut, ultrices vel, augue. Vestibulum ante ipsum primis in faucibus orci luctus et ultrices posuere cubilia Curae; Donec pharetra, magna vestibulum aliquet ultrices, erat tortor sollicitudin mi, sit amet lobortis sapien sapien non mi. Integer ac neque."
cd8a6682-6f91-4dc6-b54f-01e5d40e244f,5000S,1988,Violet,Yamagata-shi,1107.41,Nulla ut erat id mauris vulputate elementum. Nullam varius. Nulla facilisi.
2cd08571-308d-4eae-b249-3682b044dfff,Dakota Club,2006,Red,Cipari Satu,1508.12,"Sed sagittis. Nam congue, risus semper porta volutpat, quam pede lobortis ligula, sit amet eleifend pede libero quis orci. Nullam molestie nibh in lectus."
861a6c54-ad9c-4ad0-b6d5-7a4df32f56bd,LR2,2010,Aquamarine,Novyy Uoyan,2187.61,Praesent id massa id nisl venenatis lacinia. Aenean sit amet justo. Morbi ut odio.
98644cb4-2536-4637-b805-2668be3311ff,TL,2006,Maroon,Kittilä,1886.83,In hac habitasse platea dictumst. Etiam faucibus cursus urna. Ut tellus.
32b09ce0-8e63-46cd-95d4-c2048b170e0c,Econoline E150,2000,Blue,Guyi,1942.05,"Maecenas tristique, est et tempus semper, est quam pharetra magna, ac consequat metus sapien ut nunc. Vestibulum ante ipsum primis in faucibus orci luctus et ultrices posuere cubilia Curae; Mauris viverra diam vitae quam. Suspendisse potenti."
58e303e8-8ba3-47e4-8bff-a4776bb33f88,Impala,2010,Yellow,Kavalerovo,242.86,"Cum sociis natoque penatibus et magnis dis parturient montes, nascetur ridiculus mus. Vivamus vestibulum sagittis sapien. Cum sociis natoque penatibus et magnis dis parturient montes, nascetur ridiculus mus."
71c8495b-07d8-4fed-9ebb-f83e9293fef9,Truck,1992,Red,Hanjiaji,3197.70,"Morbi non lectus. Aliquam sit amet diam in magna bibendum imperdiet. Nullam orci pede, venenatis non, sodales sed, tincidunt eu, felis."
422dd29e-1020-462d-95e9-abb7914dd076,Leganza,1999,Aquamarine,Emin,1646.57,Duis bibendum. Morbi non quam nec dui luctus rutrum. Nulla tellus.
86796bb5-7561-47e1-9b34-e186e7c93131,Frontier,2009,Fuscia,Subotica,518.05,"Morbi non lectus. Aliquam sit amet diam in magna bibendum imperdiet. Nullam orci pede, venenatis non, sodales sed, tincidunt eu, felis."
e83fa89a-deab-4000-8588-3cac45876afa,QX,2005,Yellow,Da’an,1309.56,"Proin eu mi. Nulla ac enim. In tempor, turpis nec euismod scelerisque, quam turpis adipiscing lorem, vitae mattis nibh ligula nec sem."
1f8120df-5060-404e-80c9-7d0f9a0705d7,W123,1977,Turquoise,Oslo,1059.32,In congue. Etiam justo. Etiam pretium iaculis justo.
2c61a683-212d-4265-b6ec-1bc836626426,RAV4,2004,Mauv,Caotan,3058.88,Aenean lectus. Pellentesque eget nunc. Donec quis orci eget orci vehicula condimentum.
7343b685-f236-42b4-be3d-d1622efc667a,XJ Series,1999,Indigo,Tha Bo,1683.17,Duis consequat dui nec nisi volutpat eleifend. Donec ut dolor. Morbi vel lectus in quam fringilla rhoncus.
a057596b-0c7f-4a98-afe0-dd1519d7e4e8,Expedition EL,2007,Green,Bayan,2383.63,In hac habitasse platea dictumst. Etiam faucibus cursus urna. Ut tellus.
7e6f8b1c-b04a-474d-8aa0-b8cca29bd166,Continental Mark VII,1985,Indigo,Mayakovski,3433.45,Cras non velit nec nisi vulputate nonummy. Maecenas tincidunt lacus at velit. Vivamus vel nulla eget eros elementum pellentesque.
74190f1d-fafe-444e-bfd0-2cffe780ac61,8 Series,1996,Yellow,Anfusi,3291.65,"In sagittis dui vel nisl. Duis ac nibh. Fusce lacus purus, aliquet at, feugiat non, pretium quis, lectus."
ae9e632b-35ee-4e6f-adbb-650b721be812,Neon,2000,Fuscia,Alcanhões,2486.51,"Proin eu mi. Nulla ac enim. In tempor, turpis nec euismod scelerisque, quam turpis adipiscing lorem, vitae mattis nibh ligula nec sem."
b427b68b-cf2c-4ff3-a786-d3be3bdc4f45,Sable,2003,Mauv,Xinfu,549.29,"Aenean fermentum. Donec ut mauris eget massa tempor convallis. Nulla neque libero, convallis eget, eleifend luctus, ultricies eu, nibh."
530338e0-0bf4-45bb-a59a-0a70fcfbc8ba,Odyssey,2001,Green,Medellín,265.08,Nulla ut erat id mauris vulputate elementum. Nullam varius. Nulla facilisi.
d7850400-3b28-4f7b-80ad-e83260391b99,9-5,2003,Green,Ninomiya,1026.48,Cras non velit nec nisi vulputate nonummy. Maecenas tincidunt lacus at velit. Vivamus vel nulla eget eros elementum pellentesque.
3d17d2a7-05bf-4475-b245-660321f41761,Charger,2011,Crimson,San Luis,613.55,"Vestibulum ac est lacinia nisi venenatis tristique. Fusce congue, diam id ornare imperdiet, sapien urna pretium nisl, ut volutpat sapien arcu sed augue. Aliquam erat volutpat."
ac6682be-2708-4025-8802-feb9d6aee3bd,2500 Club Coupe,1998,Aquamarine,eSikhawini,3016.26,"Vestibulum ac est lacinia nisi venenatis tristique. Fusce congue, diam id ornare imperdiet, sapien urna pretium nisl, ut volutpat sapien arcu sed augue. Aliquam erat volutpat."
c940c12e-fc64-4f2a-a3c0-73acfd196355,Thunderbird,1958,Mauv,Zhanjiang,2630.26,"Mauris enim leo, rhoncus sed, vestibulum sit amet, cursus id, turpis. Integer aliquet, massa id lobortis convallis, tortor risus dapibus augue, vel accumsan tellus nisi eu orci. Mauris lacinia sapien quis libero."
c2afea66-93df-4b4d-beb7-ea2d4f9d2bdf,Suburban 2500,1994,Khaki,El Hermel,3005.38,Suspendisse potenti. In eleifend quam a odio. In hac habitasse platea dictumst.
ff6854b9-c59a-4c11-9afb-dd7b8ab75959,Contour,1998,Goldenrod,Strawberry Hills,1130.47,Phasellus in felis. Donec semper sapien a libero. Nam dui.
67e1bf38-c657-4266-9778-1134b983cc0d,Civic,2001,Violet,Dniprodzerzhyns’k,381.61,Duis aliquam convallis nunc. Proin at turpis a pede posuere nonummy. Integer non velit.
4fe67b12-7484-4649-a0ef-1f3cb08a853f,RVR,1994,Blue,Naples,2925.39,"Nam ultrices, libero non mattis pulvinar, nulla pede ullamcorper augue, a suscipit nulla elit ac nulla. Sed vel enim sit amet nunc viverra dapibus. Nulla suscipit ligula in lacus."
8996cc8c-6555-49f6-9c11-678e850e64f9,Ram Van 3500,2000,Crimson,Ulanov,722.81,In congue. Etiam justo. Etiam pretium iaculis justo.
02469cd0-e0e9-4f52-af93-17365211b439,Turbo Firefly,1988,Maroon,Valle de La Pascua,2827.11,Duis consequat dui nec nisi volutpat eleifend. Donec ut dolor. Morbi vel lectus in quam fringilla rhoncus.
dc01af78-cd9e-458f-afa3-c6979539133a,LSS,1998,Blue,Dengnan,2837.98,Praesent id massa id nisl venenatis lacinia. Aenean sit amet justo. Morbi ut odio.
6e954e89-8926-4bf1-974f-cad057995a49,Corvette,2008,Goldenrod,Kombolcha,2537.08,"Proin interdum mauris non ligula pellentesque ultrices. Phasellus id sapien in sapien iaculis congue. Vivamus metus arcu, adipiscing molestie, hendrerit at, vulputate vitae, nisl."
fbef2d65-a909-4d1d-ba35-ebab42da02c0,Mazda6,2007,Fuscia,Mizhou,2944.28,Duis bibendum. Morbi non quam nec dui luctus rutrum. Nulla tellus.
03d73f7a-1ef4-4b1a-865e-7ac19a23e1a8,Bonneville,1985,Red,Carcavelos,861.34,Phasellus sit amet erat. Nulla tempus. Vivamus in felis eu sapien cursus vestibulum.
a391453d-a914-46e2-bf2a-3f4f28709193,DeVille,1993,Violet,Caibarién,3324.86,"Curabitur in libero ut massa volutpat convallis. Morbi odio odio, elementum eu, interdum eu, tincidunt in, leo. Maecenas pulvinar lobortis est."
12159360-97b9-4c3a-946b-8aa9d0e54a2d,Rapide,2012,Fuscia,Siemiechów,2182.17,Aenean lectus. Pellentesque eget nunc. Donec quis orci eget orci vehicula condimentum.
9b21ce36-d9f0-4587-a85e-e3b4d75a3c31,3 Series,1992,Green,Pingli,3387.29,Duis consequat dui nec nisi volutpat eleifend. Donec ut dolor. Morbi vel lectus in quam fringilla rhoncus.
10354b74-8198-46d3-b5c6-bc6b9ea8265a,Rogue,2012,Crimson,Harbin,741.69,"Duis bibendum, felis sed interdum venenatis, turpis enim blandit mi, in porttitor pede justo eu massa. Donec dapibus. Duis at velit eu est congue elementum."
1c9a8c1c-bde6-41e2-b9ab-ce42f11aedf5,Parisienne,1985,Turquoise,Philadelphia,3603.03,Aenean lectus. Pellentesque eget nunc. Donec quis orci eget orci vehicula condimentum.
1b708c71-3925-497d-8539-32ead4c4ffc4,612 Scaglietti,2006,Red,Przemyśl,3860.68,"Proin eu mi. Nulla ac enim. In tempor, turpis nec euismod scelerisque, quam turpis adipiscing lorem, vitae mattis nibh ligula nec sem."
2d258e0d-f99f-4651-8d97-a1fe289ffe9d,Integra,1988,Red,Rio das Ostras,1622.07,"Curabitur in libero ut massa volutpat convallis. Morbi odio odio, elementum eu, interdum eu, tincidunt in, leo. Maecenas pulvinar lobortis est."
d4bdb34e-4c44-4210-a314-c9a5980f5d01,CL-Class,2006,Yellow,Beloostrov,1609.05,"Donec diam neque, vestibulum eget, vulputate ut, ultrices vel, augue. Vestibulum ante ipsum primis in faucibus orci luctus et ultrices posuere cubilia Curae; Donec pharetra, magna vestibulum aliquet ultrices, erat tortor sollicitudin mi, sit amet lobortis sapien sapien non mi. Integer ac neque."
c45ae758-acec-4f47-a7ee-55707d0c14c5,Sephia,2000,Crimson,Krechevitsy,342.73,"Cras mi pede, malesuada in, imperdiet et, commodo vulputate, justo. In blandit ultrices enim. Lorem ipsum dolor sit amet, consectetuer adipiscing elit."
63d2154d-4a99-4653-bf2b-a6fda8d8b527,Grand Vitara,2007,Red,Dadoupu,2004.65,"Quisque id justo sit amet sapien dignissim vestibulum. Vestibulum ante ipsum primis in faucibus orci luctus et ultrices posuere cubilia Curae; Nulla dapibus dolor vel est. Donec odio justo, sollicitudin ut, suscipit a, feugiat et, eros."
52bc90ec-c74b-443e-8e4f-80be79e310ff,S60,2012,Green,Arauquita,3454.47,Integer ac leo. Pellentesque ultrices mattis odio. Donec vitae nisi.
495dcc86-b3dc-47fc-a2ad-c1acfe74bf01,Montero,2002,Violet,Kyaiklat,3474.75,"Morbi porttitor lorem id ligula. Suspendisse ornare consequat lectus. In est risus, auctor sed, tristique in, tempus sit amet, sem."
fd9dda77-fb40-4bd5-9716-2a109628c2e6,Cherokee,1993,Red,Sarzedo,2282.67,"In sagittis dui vel nisl. Duis ac nibh. Fusce lacus purus, aliquet at, feugiat non, pretium quis, lectus."
7ff0b8cd-6f90-478d-a037-516ed3daf319,Grand Prix,2001,Turquoise,Kebonkai,2031.76,"Maecenas tristique, est et tempus semper, est quam pharetra magna, ac consequat metus sapien ut nunc. Vestibulum ante ipsum primis in faucibus orci luctus et ultrices posuere cubilia Curae; Mauris viverra diam vitae quam. Suspendisse potenti."
d92160de-a463-460e-afa5-207e6934de6f,Truck,1994,Green,Stráž,985.00,In congue. Etiam justo. Etiam pretium iaculis justo.
92d75dcf-4b39-4495-8b9e-05764687d12c,Astro,2002,Green,Dushk,2363.99,"Donec diam neque, vestibulum eget, vulputate ut, ultrices vel, augue. Vestibulum ante ipsum primis in faucibus orci luctus et ultrices posuere cubilia Curae; Donec pharetra, magna vestibulum aliquet ultrices, erat tortor sollicitudin mi, sit amet lobortis sapien sapien non mi. Integer ac neque."
d02d16ae-27b5-451a-8d1b-06e5ae02a1c6,Pathfinder,1993,Indigo,Chakou,2833.46,"In hac habitasse platea dictumst. Morbi vestibulum, velit id pretium iaculis, diam erat fermentum justo, nec condimentum neque sapien placerat ante. Nulla justo."
7ef28d0c-ac34-4063-a1b9-16c136c306f8,Grand Am,1992,Mauv,Zhoutian,3112.62,"Proin eu mi. Nulla ac enim. In tempor, turpis nec euismod scelerisque, quam turpis adipiscing lorem, vitae mattis nibh ligula nec sem."
fcbd11c8-91e2-4c27-93db-ebc9661672ba,Ranger,2008,Green,Al Hadā,2568.12,Phasellus in felis. Donec semper sapien a libero. Nam dui.
b2dbd712-ceca-49c7-b4d6-95e4744278f9,Viper,1992,Mauv,Saynshand,327.05,Fusce consequat. Nulla nisl. Nunc nisl.
28a6bee5-3b3e-47e9-afcf-43ba54ef5099,Lucerne,2010,Khaki,Aberdeen,3892.60,Duis consequat dui nec nisi volutpat eleifend. Donec ut dolor. Morbi vel lectus in quam fringilla rhoncus.
1b82df47-207b-464b-96cd-8a0bcc122f5f,Cruze,2013,Turquoise,Tampakan,1990.97,"Mauris enim leo, rhoncus sed, vestibulum sit amet, cursus id, turpis. Integer aliquet, massa id lobortis convallis, tortor risus dapibus augue, vel accumsan tellus nisi eu orci. Mauris lacinia sapien quis libero."
04ce4817-e30d-4459-b315-70c11f6aaf10,9000,1988,Goldenrod,Shi’an,712.81,"Fusce posuere felis sed lacus. Morbi sem mauris, laoreet ut, rhoncus aliquet, pulvinar sed, nisl. Nunc rhoncus dui vel sem."
d5a80e09-1d69-4482-92b7-ca9812f94f0f,Lancer Evolution,2011,Red,Trieste,864.68,"Quisque id justo sit amet sapien dignissim vestibulum. Vestibulum ante ipsum primis in faucibus orci luctus et ultrices posuere cubilia Curae; Nulla dapibus dolor vel est. Donec odio justo, sollicitudin ut, suscipit a, feugiat et, eros."
cd26e518-cce4-43d4-8d3a-1b2c97a29b50,QX,1997,Turquoise,Orzu,1121.06,"Mauris enim leo, rhoncus sed, vestibulum sit amet, cursus id, turpis. Integer aliquet, massa id lobortis convallis, tortor risus dapibus augue, vel accumsan tellus nisi eu orci. Mauris lacinia sapien quis libero."
08a7ca40-53cc-4781-a8b1-72bcc7c8c1bb,Legacy,1998,Goldenrod,Ciawi,139.17,Integer ac leo. Pellentesque ultrices mattis odio. Donec vitae nisi.
778c9610-82f2-47db-8ebe-502feb0731a3,Land Cruiser,1994,Goldenrod,Pirok,1837.02,"In hac habitasse platea dictumst. Morbi vestibulum, velit id pretium iaculis, diam erat fermentum justo, nec condimentum neque sapien placerat ante. Nulla justo."
37203f0d-34dd-451d-bb4c-fc8eae195c26,Countach,1988,Turquoise,Yinkeng,193.08,"Proin eu mi. Nulla ac enim. In tempor, turpis nec euismod scelerisque, quam turpis adipiscing lorem, vitae mattis nibh ligula nec sem."
2b6f3041-d819-4ebf-bb18-2b908d75ef74,62,2008,Puce,Sungai Nyamuk,1638.24,In congue. Etiam justo. Etiam pretium iaculis justo.
073dba3c-6535-4cff-a7da-799a8255bfc9,Durango,2007,Goldenrod,Bailu,642.69,Etiam vel augue. Vestibulum rutrum rutrum neque. Aenean auctor gravida sem.
6c656cf4-1167-4fa7-a580-00453bf7110c,Corvette,1986,Green,Patquía,2401.34,"Curabitur at ipsum ac tellus semper interdum. Mauris ullamcorper purus sit amet nulla. Quisque arcu libero, rutrum ac, lobortis vel, dapibus at, diam."
f48f2fcc-ed63-4657-a0ee-1f9ffd1f386b,Azera,2008,Mauv,Novopokrovka,882.14,Aliquam quis turpis eget elit sodales scelerisque. Mauris sit amet eros. Suspendisse accumsan tortor quis turpis.
6cc38496-3ff6-440e-a4f5-718714f70c96,Focus,2002,Mauv,Shināş,608.64,"Proin leo odio, porttitor id, consequat in, consequat ut, nulla. Sed accumsan felis. Ut at dolor quis odio consequat varius."
b3803c51-6e8b-4a17-b298-6b3f851392b5,T100,1998,Fuscia,Laveiras,3538.81,Praesent id massa id nisl venenatis lacinia. Aenean sit amet justo. Morbi ut odio.
0e34148f-01f1-4972-bf74-1ce020a238fe,Firebird,2001,Purple,La Talaudière,455.42,Sed ante. Vivamus tortor. Duis mattis egestas metus.
2445d125-5589-4cd7-a561-10a91a01d24a,TL,2011,Orange,Central,3424.12,"Morbi non lectus. Aliquam sit amet diam in magna bibendum imperdiet. Nullam orci pede, venenatis non, sodales sed, tincidunt eu, felis."
edcf01ee-0ae7-4e7a-8760-9dab440f43b2,TL,1998,Puce,Novyy Oskol,3091.54,"Curabitur in libero ut massa volutpat convallis. Morbi odio odio, elementum eu, interdum eu, tincidunt in, leo. Maecenas pulvinar lobortis est."
272d5401-0133-45eb-9e18-fa2da02e295e,Z3,1999,Violet,Sayansk,1449.37,Sed ante. Vivamus tortor. Duis mattis egestas metus.
90484fd8-5f7f-4366-86ef-7dc769b09d86,Eos,2007,Mauv,Kobeřice,1888.07,Etiam vel augue. Vestibulum rutrum rutrum neque. Aenean auctor gravida sem.
2db2ddc0-8075-41a3-8d36-d7c8b6f3c7a6,B-Series,2006,Blue,El Tablón,480.75,"Vestibulum ac est lacinia nisi venenatis tristique. Fusce congue, diam id ornare imperdiet, sapien urna pretium nisl, ut volutpat sapien arcu sed augue. Aliquam erat volutpat."
0f40c9d2-0458-444c-8a34-fee7bdcdb985,Terraza,2006,Puce,Yueyang,2580.09,Phasellus sit amet erat. Nulla tempus. Vivamus in felis eu sapien cursus vestibulum.
682a1448-d09e-43db-a484-92c85d4aff7f,Thunderbird,1989,Puce,Bojongloa,879.71,"Curabitur at ipsum ac tellus semper interdum. Mauris ullamcorper purus sit amet nulla. Quisque arcu libero, rutrum ac, lobortis vel, dapibus at, diam."
9b218680-50fd-4a6f-a165-656a1c943065,Cougar,1987,Puce,Usicayos,2040.60,"Vestibulum ac est lacinia nisi venenatis tristique. Fusce congue, diam id ornare imperdiet, sapien urna pretium nisl, ut volutpat sapien arcu sed augue. Aliquam erat volutpat."
62299362-975c-46f0-9981-1b7683ee49d4,A3,2008,Goldenrod,Dungarvan,3445.64,"Vestibulum ac est lacinia nisi venenatis tristique. Fusce congue, diam id ornare imperdiet, sapien urna pretium nisl, ut volutpat sapien arcu sed augue. Aliquam erat volutpat."
46789620-7c75-4167-98a2-55bbeff5264c,GranTurismo,2010,Green,Wonokerso,957.79,Duis consequat dui nec nisi volutpat eleifend. Donec ut dolor. Morbi vel lectus in quam fringilla rhoncus.
22645f6f-258a-4177-9a16-b00f86b9db92,Suburban,2007,Fuscia,Huancapallac,922.60,"Maecenas tristique, est et tempus semper, est quam pharetra magna, ac consequat metus sapien ut nunc. Vestibulum ante ipsum primis in faucibus orci luctus et ultrices posuere cubilia Curae; Mauris viverra diam vitae quam. Suspendisse potenti."
13b5b40d-df41-41d2-8d49-7d6d02adc9ad,Patriot,2010,Teal,Bokkos,3168.85,Integer tincidunt ante vel ipsum. Praesent blandit lacinia erat. Vestibulum sed magna at nunc commodo placerat.
19dcc53a-1c37-405e-b574-a222a7a49f6f,M3,1998,Crimson,Philadelphia,1337.66,Nullam porttitor lacus at turpis. Donec posuere metus vitae ipsum. Aliquam non mauris.
c2b2b464-a86d-4516-8b39-fb232403df5a,850,1997,Red,Murree,3742.13,In hac habitasse platea dictumst. Etiam faucibus cursus urna. Ut tellus.
7ba927b8-b5ae-4dda-8e4a-1a0434077511,S60,2012,Turquoise,Sambirobyong,946.72,"Aenean fermentum. Donec ut mauris eget massa tempor convallis. Nulla neque libero, convallis eget, eleifend luctus, ultricies eu, nibh."
34862eae-7e72-4c21-9582-4d530fbc99df,VUE,2005,Khaki,San Miguel,406.44,"Curabitur in libero ut massa volutpat convallis. Morbi odio odio, elementum eu, interdum eu, tincidunt in, leo. Maecenas pulvinar lobortis est."
7eecfca1-3e34-4331-ad28-f5379b1062bf,Tundra,2010,Turquoise,Guanlu,1098.38,Duis consequat dui nec nisi volutpat eleifend. Donec ut dolor. Morbi vel lectus in quam fringilla rhoncus.
273b225f-c5db-4803-a47f-333fdbebcb74,Silverado 2500,2008,Orange,Baidoa,2263.61,In quis justo. Maecenas rhoncus aliquam lacus. Morbi quis tortor id nulla ultrices aliquet.
ddfaf004-5634-41a8-b367-4a3d5f4e2631,TT,2003,Crimson,Maués,1270.64,Duis aliquam convallis nunc. Proin at turpis a pede posuere nonummy. Integer non velit.
586867f3-5254-4342-8d1b-1ad9cf833a30,CR-Z,2012,Crimson,Hà Tiên,1662.55,"Nam ultrices, libero non mattis pulvinar, nulla pede ullamcorper augue, a suscipit nulla elit ac nulla. Sed vel enim sit amet nunc viverra dapibus. Nulla suscipit ligula in lacus."
3c01a690-a194-4dac-afc9-9ed8e8532a99,G25,2012,Green,Padre Nabeto,2962.55,Aenean lectus. Pellentesque eget nunc. Donec quis orci eget orci vehicula condimentum.
9beb77d5-08cd-47ae-a841-04bccc5a6440,Legacy,2008,Crimson,Tundagan,3030.83,"Donec diam neque, vestibulum eget, vulputate ut, ultrices vel, augue. Vestibulum ante ipsum primis in faucibus orci luctus et ultrices posuere cubilia Curae; Donec pharetra, magna vestibulum aliquet ultrices, erat tortor sollicitudin mi, sit amet lobortis sapien sapien non mi. Integer ac neque."
706bce3b-872b-445c-ba6d-350d3bb0a3fc,Bronco,1995,Fuscia,Ansermanuevo,952.02,"Aenean fermentum. Donec ut mauris eget massa tempor convallis. Nulla neque libero, convallis eget, eleifend luctus, ultricies eu, nibh."
7ad5d449-822c-4106-9d7a-3ceb62fe2822,LR2,2012,Aquamarine,Bern,1398.44,"Quisque porta volutpat erat. Quisque erat eros, viverra eget, congue eget, semper rutrum, nulla. Nunc purus."
43355550-5ee4-4d94-8cdf-d7e185d4005d,Viper,2010,Pink,Tomakivka,3906.72,"Cum sociis natoque penatibus et magnis dis parturient montes, nascetur ridiculus mus. Vivamus vestibulum sagittis sapien. Cum sociis natoque penatibus et magnis dis parturient montes, nascetur ridiculus mus."
f15aea2f-a9fc-450a-9692-41e7711fefe2,E-Series,2008,Fuscia,Gainesville,2338.17,"In hac habitasse platea dictumst. Morbi vestibulum, velit id pretium iaculis, diam erat fermentum justo, nec condimentum neque sapien placerat ante. Nulla justo."
dd904b88-112f-4dd4-aafb-c0deb94ff777,Wrangler,2000,Green,Longshan,2729.95,"Proin eu mi. Nulla ac enim. In tempor, turpis nec euismod scelerisque, quam turpis adipiscing lorem, vitae mattis nibh ligula nec sem."
058c3e16-eb86-4fe6-9454-9f9dd1966e3f,Familia,1988,Mauv,Sidzina,3671.95,"Fusce posuere felis sed lacus. Morbi sem mauris, laoreet ut, rhoncus aliquet, pulvinar sed, nisl. Nunc rhoncus dui vel sem."
e594705b-478d-4d37-8820-a2d0806151b2,Sorento,2012,Violet,Rosaspata,2025.14,"Duis bibendum, felis sed interdum venenatis, turpis enim blandit mi, in porttitor pede justo eu massa. Donec dapibus. Duis at velit eu est congue elementum."
c91ee1b8-ecd4-445c-bd1a-21520020b8d8,IS,2012,Pink,Gagarin,151.87,"Vestibulum quam sapien, varius ut, blandit non, interdum in, ante. Vestibulum ante ipsum primis in faucibus orci luctus et ultrices posuere cubilia Curae; Duis faucibus accumsan odio. Curabitur convallis."
0aadcfd8-6570-4999-b349-d0aae7a9b344,Tracer,1996,Mauv,Tabwakea Village,3036.40,"Vestibulum ac est lacinia nisi venenatis tristique. Fusce congue, diam id ornare imperdiet, sapien urna pretium nisl, ut volutpat sapien arcu sed augue. Aliquam erat volutpat."
8c09ba76-37c6-4ed7-8220-06d49cacd7ef,CLK-Class,2008,Khaki,Camajuaní,2711.29,"Proin leo odio, porttitor id, consequat in, consequat ut, nulla. Sed accumsan felis. Ut at dolor quis odio consequat varius."
25aae601-e3b0-4821-a0eb-427692a7f26a,2500,1999,Khaki,Yaguaraparo,3112.40,Duis consequat dui nec nisi volutpat eleifend. Donec ut dolor. Morbi vel lectus in quam fringilla rhoncus.
aa1d4604-baae-45b6-af15-5dc59f59f51e,Expedition EL,2010,Indigo,São Tomé,3020.98,Sed ante. Vivamus tortor. Duis mattis egestas metus.
92a37d05-f2f5-4a93-afaa-58199dd781b1,1500 Club Coupe,1994,Pink,Huajlaya,2612.41,"Curabitur at ipsum ac tellus semper interdum. Mauris ullamcorper purus sit amet nulla. Quisque arcu libero, rutrum ac, lobortis vel, dapibus at, diam."
604d90f5-201f-4937-9b61-5785d3a2340a,MPV,1994,Mauv,Huanggu,987.12,Phasellus sit amet erat. Nulla tempus. Vivamus in felis eu sapien cursus vestibulum.
84fb5c92-e05c-45ac-b938-92b6b5bd1a87,Grand Prix,1994,Puce,Jianshan,3355.32,Nullam porttitor lacus at turpis. Donec posuere metus vitae ipsum. Aliquam non mauris.
8d907537-0cb4-47d9-ac97-52c67dab1629,Grand Cherokee,2003,Blue,La Palma,2429.02,"Donec diam neque, vestibulum eget, vulputate ut, ultrices vel, augue. Vestibulum ante ipsum primis in faucibus orci luctus et ultrices posuere cubilia Curae; Donec pharetra, magna vestibulum aliquet ultrices, erat tortor sollicitudin mi, sit amet lobortis sapien sapien non mi. Integer ac neque."
6f922b15-677a-4f1f-b444-cb5c0adba612,Verona,2006,Red,Annan,2107.62,Fusce consequat. Nulla nisl. Nunc nisl.
17cdd762-83c8-4db2-ace3-9f64f2c5c732,Sebring,2006,Orange,Jinkou,2217.12,Pellentesque at nulla. Suspendisse potenti. Cras in purus eu magna vulputate luctus.
2b2faa8d-c969-4ed7-b9f2-d15904e0fcb2,Murano,2010,Red,Stanowice,3630.72,"Cras mi pede, malesuada in, imperdiet et, commodo vulputate, justo. In blandit ultrices enim. Lorem ipsum dolor sit amet, consectetuer adipiscing elit."
585fa763-d261-4f01-9169-f7d72d64dcdc,Cabriolet,2000,Mauv,Brooklyn,865.47,"Morbi porttitor lorem id ligula. Suspendisse ornare consequat lectus. In est risus, auctor sed, tristique in, tempus sit amet, sem."
b7bd25dd-ad89-456e-91c6-d2b2f69fe27c,GTO,2005,Indigo,Ankazondandy,3496.48,"Morbi non lectus. Aliquam sit amet diam in magna bibendum imperdiet. Nullam orci pede, venenatis non, sodales sed, tincidunt eu, felis."
4b77cb2d-92e4-4a7d-ab70-2aad644837f4,Voyager,1985,Aquamarine,Kafr Nubl,3684.71,Maecenas ut massa quis augue luctus tincidunt. Nulla mollis molestie lorem. Quisque ut erat.
58de5286-1c5c-44da-9255-152f7cbad162,H3,2006,Fuscia,Besançon,1818.70,Cras non velit nec nisi vulputate nonummy. Maecenas tincidunt lacus at velit. Vivamus vel nulla eget eros elementum pellentesque.
58a2d494-ddf6-42fc-85b2-4c600dcd9b69,323,1992,Blue,Zhangqiang,3716.86,"In sagittis dui vel nisl. Duis ac nibh. Fusce lacus purus, aliquet at, feugiat non, pretium quis, lectus."
626b70d2-0321-4404-ab82-cd6c0babcb1f,Monterey,2005,Khaki,Paoay,751.99,Etiam vel augue. Vestibulum rutrum rutrum neque. Aenean auctor gravida sem.
b161ec6e-8d08-4c6e-93fd-44b3ebfc875e,MX-6,1991,Purple,Hermosa,3479.37,"Proin interdum mauris non ligula pellentesque ultrices. Phasellus id sapien in sapien iaculis congue. Vivamus metus arcu, adipiscing molestie, hendrerit at, vulputate vitae, nisl."
d68d3821-71c0-4f81-8ed2-d3d040a46a34,Town Car,1993,Puce,Vyborg,1920.82,"Lorem ipsum dolor sit amet, consectetuer adipiscing elit. Proin risus. Praesent lectus."
332cbb12-77d3-43e7-a96d-9e69aae9a6f6,Venture,2002,Red,Praia da Vitória,1466.55,In hac habitasse platea dictumst. Etiam faucibus cursus urna. Ut tellus.
e3370ac6-9aad-4797-ae34-637cee9d8c02,RX Hybrid,2007,Yellow,Galaz,2605.67,Integer ac leo. Pellentesque ultrices mattis odio. Donec vitae nisi.
416111cf-9fcf-4658-9ccd-12104dcdefa6,Cayenne,2005,Goldenrod,Beppu,834.58,Aliquam quis turpis eget elit sodales scelerisque. Mauris sit amet eros. Suspendisse accumsan tortor quis turpis.
e63395f1-c2d4-4483-a189-4312d9d844c1,Golf,1993,Puce,Mersam,2502.93,"Proin eu mi. Nulla ac enim. In tempor, turpis nec euismod scelerisque, quam turpis adipiscing lorem, vitae mattis nibh ligula nec sem."
2a534586-45ed-4762-9066-dadb8879ea37,Firefly,1989,Mauv,Mirotice,1515.54,"Curabitur in libero ut massa volutpat convallis. Morbi odio odio, elementum eu, interdum eu, tincidunt in, leo. Maecenas pulvinar lobortis est."
c2550e17-a9b4-428b-b1ea-3569e0b50435,Intrepid,2000,Yellow,Renfengzhuang,3023.09,Pellentesque at nulla. Suspendisse potenti. Cras in purus eu magna vulputate luctus.
2f8384cf-e6c8-41d3-90d4-3d4a9185dda6,Crown Victoria,2001,Red,Beiqi,1714.42,Phasellus sit amet erat. Nulla tempus. Vivamus in felis eu sapien cursus vestibulum.
7a0174e3-b6e5-4bde-982e-619463e9b82e,3 Series,2011,Purple,Vidzy,2399.22,Aenean lectus. Pellentesque eget nunc. Donec quis orci eget orci vehicula condimentum.
73a1f72b-732f-48f3-ba18-fa864b84677b,Frontier,2006,Fuscia,Wojnicz,1368.27,Nulla ut erat id mauris vulputate elementum. Nullam varius. Nulla facilisi.
59f6e8af-8c89-4b0f-a4a4-ece0cb036c99,Marauder,2004,Red,Beigao,869.07,Suspendisse potenti. In eleifend quam a odio. In hac habitasse platea dictumst.
81f4d07c-c209-4207-bd9a-18198ae58fda,G,2004,Mauv,Funaishikawa,882.95,Fusce consequat. Nulla nisl. Nunc nisl.
f46b92ad-36f1-43e8-902a-1ed75d3ab198,Firebird,1997,Purple,Xincheng,2404.19,Cras non velit nec nisi vulputate nonummy. Maecenas tincidunt lacus at velit. Vivamus vel nulla eget eros elementum pellentesque.
187e0035-f603-4ae7-bec7-aaf69bda1642,Quest,2008,Crimson,Junín,1173.44,"Mauris enim leo, rhoncus sed, vestibulum sit amet, cursus id, turpis. Integer aliquet, massa id lobortis convallis, tortor risus dapibus augue, vel accumsan tellus nisi eu orci. Mauris lacinia sapien quis libero."
0d41e580-0407-420b-b38f-0d7f8c5713c6,RAV4,2005,Fuscia,Oss,3582.88,"Proin eu mi. Nulla ac enim. In tempor, turpis nec euismod scelerisque, quam turpis adipiscing lorem, vitae mattis nibh ligula nec sem."
f5efe978-a37d-49a9-b3d7-3d824a4c1377,Mazda6,2008,Pink,Tenancingo,2148.11,"Quisque id justo sit amet sapien dignissim vestibulum. Vestibulum ante ipsum primis in faucibus orci luctus et ultrices posuere cubilia Curae; Nulla dapibus dolor vel est. Donec odio justo, sollicitudin ut, suscipit a, feugiat et, eros."
c7908860-00ae-4847-b06f-2484751f80dc,Town & Country,2007,Violet,Espinho,1875.91,"Lorem ipsum dolor sit amet, consectetuer adipiscing elit. Proin risus. Praesent lectus."
a207faae-41bb-4521-a53d-54c2e562408c,Avalanche 2500,2006,Khaki,Ust’-Ulagan,945.07,"Cum sociis natoque penatibus et magnis dis parturient montes, nascetur ridiculus mus. Vivamus vestibulum sagittis sapien. Cum sociis natoque penatibus et magnis dis parturient montes, nascetur ridiculus mus."
083413dc-dae8-4f11-ad6c-3d34d0e54ed2,Pilot,2002,Puce,Sabang,2681.06,Nullam sit amet turpis elementum ligula vehicula consequat. Morbi a ipsum. Integer a nibh.
e2a9f2b9-6b40-4ddd-900d-087476c9d80b,Tercel,1998,Turquoise,Rote,3447.39,"Morbi non lectus. Aliquam sit amet diam in magna bibendum imperdiet. Nullam orci pede, venenatis non, sodales sed, tincidunt eu, felis."
1e5cc3ae-16fc-41c3-bb34-6901aae6ebc4,Civic,2006,Goldenrod,Xiaheqing,3837.87,"Fusce posuere felis sed lacus. Morbi sem mauris, laoreet ut, rhoncus aliquet, pulvinar sed, nisl. Nunc rhoncus dui vel sem."
2c94d940-d1ab-49e3-8752-cac897df0fcc,Cobalt,2008,Mauv,Sadahayu,2013.17,"Curabitur at ipsum ac tellus semper interdum. Mauris ullamcorper purus sit amet nulla. Quisque arcu libero, rutrum ac, lobortis vel, dapibus at, diam."
0bab28d5-6efb-4828-862f-2b1ac33a7a59,Beretta,1992,Maroon,Charikar,1845.83,"Sed sagittis. Nam congue, risus semper porta volutpat, quam pede lobortis ligula, sit amet eleifend pede libero quis orci. Nullam molestie nibh in lectus."
f0d3ddcb-e8e2-445f-beee-b4a6b6eda283,Windstar,1996,Yellow,Niedźwiada,1159.53,"Curabitur at ipsum ac tellus semper interdum. Mauris ullamcorper purus sit amet nulla. Quisque arcu libero, rutrum ac, lobortis vel, dapibus at, diam."
5fae6339-ced4-4b98-b8af-3386609cf018,Sentra,2006,Pink,Amsterdam-Oost,2735.13,In congue. Etiam justo. Etiam pretium iaculis justo.
7308c206-9d57-4fa2-a117-a4998605d4cc,Insight,2003,Teal,Pau,798.58,Suspendisse potenti. In eleifend quam a odio. In hac habitasse platea dictumst.
d898d1fb-f9bb-4a18-8c96-fa4ec88aec9b,Sentra,1993,Aquamarine,Nowy Tomyśl,2962.65,Nullam sit amet turpis elementum ligula vehicula consequat. Morbi a ipsum. Integer a nibh.
a74f7797-b7e9-4596-8933-627de7ea2b54,Viper,2010,Puce,Shuitian,93.77,In quis justo. Maecenas rhoncus aliquam lacus. Morbi quis tortor id nulla ultrices aliquet.
8db599b3-242c-47f8-a51b-2061b38deb3a,Sierra 3500HD,2006,Puce,Lampa,1528.63,"Curabitur in libero ut massa volutpat convallis. Morbi odio odio, elementum eu, interdum eu, tincidunt in, leo. Maecenas pulvinar lobortis est."
5bee56d5-c70c-4a79-8814-f3d48baa8dff,SJ,1992,Mauv,General Alvear,996.72,"Cras mi pede, malesuada in, imperdiet et, commodo vulputate, justo. In blandit ultrices enim. Lorem ipsum dolor sit amet, consectetuer adipiscing elit."
8e068968-5de0-4904-86b6-c5ae20b164a0,New Beetle,2012,Blue,Ejigbo,452.53,Cras non velit nec nisi vulputate nonummy. Maecenas tincidunt lacus at velit. Vivamus vel nulla eget eros elementum pellentesque.
0c515002-77ed-44f0-b769-129d49f81b52,Mazdaspeed 3,2011,Aquamarine,Duzhenwan,1064.53,"Sed sagittis. Nam congue, risus semper porta volutpat, quam pede lobortis ligula, sit amet eleifend pede libero quis orci. Nullam molestie nibh in lectus."
4e808a6c-5a9a-4e3d-98bb-d42176b1a897,Savana 1500,2009,Pink,Pyzdry,1106.73,"Cum sociis natoque penatibus et magnis dis parturient montes, nascetur ridiculus mus. Vivamus vestibulum sagittis sapien. Cum sociis natoque penatibus et magnis dis parturient montes, nascetur ridiculus mus."
41b4d609-a1fd-4698-bcec-7a2c5150cb0e,Classic,2005,Red,Tenkodogo,3716.23,Praesent id massa id nisl venenatis lacinia. Aenean sit amet justo. Morbi ut odio.
88c9ffbd-29af-470f-9b05-43f936e22e8c,SLK-Class,2002,Turquoise,Yelizavetino,2436.64,"Proin eu mi. Nulla ac enim. In tempor, turpis nec euismod scelerisque, quam turpis adipiscing lorem, vitae mattis nibh ligula nec sem."
b9fe5c09-752f-4106-b88b-cf3f68ec47c8,Corvette,1986,Turquoise,Whittlesea,1326.84,"Duis bibendum, felis sed interdum venenatis, turpis enim blandit mi, in porttitor pede justo eu massa. Donec dapibus. Duis at velit eu est congue elementum."
a5f521f2-7dac-4197-8298-08a9af66c49e,Taurus,2000,Pink,Raşad,2156.79,"Proin interdum mauris non ligula pellentesque ultrices. Phasellus id sapien in sapien iaculis congue. Vivamus metus arcu, adipiscing molestie, hendrerit at, vulputate vitae, nisl."
a33c337b-a4d3-45c6-9da5-7c195ca4d22e,1500,1998,Fuscia,Jīroft,203.92,Cras non velit nec nisi vulputate nonummy. Maecenas tincidunt lacus at velit. Vivamus vel nulla eget eros elementum pellentesque.
fe8819f2-9527-4498-a72a-1b24db209f2f,SL65 AMG,2006,Red,Pyinmana,2975.84,In hac habitasse platea dictumst. Etiam faucibus cursus urna. Ut tellus.
c35000e3-d0c6-42f5-abfd-aea5acb54ce9,Thunderbird,1955,Yellow,Kungshamn,1233.91,"Quisque porta volutpat erat. Quisque erat eros, viverra eget, congue eget, semper rutrum, nulla. Nunc purus."
b3353cef-dc23-46ad-ae4e-fb574623d16c,CR-X,1984,Maroon,Abastumani,3154.29,"Curabitur in libero ut massa volutpat convallis. Morbi odio odio, elementum eu, interdum eu, tincidunt in, leo. Maecenas pulvinar lobortis est."
2b0ab65e-aa58-4b83-8424-55e9e2921f0d,Mountaineer,2005,Pink,Lérida,1022.15,In congue. Etiam justo. Etiam pretium iaculis justo.
16946177-ddf2-4496-947b-403d8065871c,Caprice Classic,1995,Purple,Sukawaris,3007.09,"Morbi non lectus. Aliquam sit amet diam in magna bibendum imperdiet. Nullam orci pede, venenatis non, sodales sed, tincidunt eu, felis."
9c7e8c95-abf7-48eb-a937-73f34d3497dc,200,1989,Maroon,Palermo,874.35,"In hac habitasse platea dictumst. Morbi vestibulum, velit id pretium iaculis, diam erat fermentum justo, nec condimentum neque sapien placerat ante. Nulla justo."
4c1609d5-4a6f-42e4-9d3c-a36410c1052d,Camaro,1982,Crimson,Mvuma,2932.69,"Sed sagittis. Nam congue, risus semper porta volutpat, quam pede lobortis ligula, sit amet eleifend pede libero quis orci. Nullam molestie nibh in lectus."
7e62c7b7-0e83-484e-8c63-5a29cd371cc1,SL-Class,2000,Mauv,Niebylec,3010.33,Praesent id massa id nisl venenatis lacinia. Aenean sit amet justo. Morbi ut odio.
f993efd5-5c92-4733-bdcb-1c346e6ee86f,C70,2001,Pink,Xialu,3374.96,"Quisque porta volutpat erat. Quisque erat eros, viverra eget, congue eget, semper rutrum, nulla. Nunc purus."
5720f8b9-3427-4987-bd84-ad5a8f4e20e2,CL-Class,2010,Turquoise,Perštejn,587.16,"Nam ultrices, libero non mattis pulvinar, nulla pede ullamcorper augue, a suscipit nulla elit ac nulla. Sed vel enim sit amet nunc viverra dapibus. Nulla suscipit ligula in lacus."
8d9a4fb8-459d-4cb3-aa08-2b48574e0f4f,S4,2011,Mauv,Chiquinquirá,2477.53,"In sagittis dui vel nisl. Duis ac nibh. Fusce lacus purus, aliquet at, feugiat non, pretium quis, lectus."
38cd89cf-1af5-46b3-b45d-86c524606d52,RDX,2008,Fuscia,Hadabei,2237.73,Maecenas ut massa quis augue luctus tincidunt. Nulla mollis molestie lorem. Quisque ut erat.
e15607bb-93ac-45cb-9063-ccd1e28eeed8,SJ,1993,Orange,Dayong,3468.24,"Sed sagittis. Nam congue, risus semper porta volutpat, quam pede lobortis ligula, sit amet eleifend pede libero quis orci. Nullam molestie nibh in lectus."
7d9f8a8b-aa80-4434-a27e-5042064ae6b7,Corvette,1978,Puce,Karanganyar,3916.77,Duis bibendum. Morbi non quam nec dui luctus rutrum. Nulla tellus.
e2e20ad5-108f-49d7-83e8-ef88a256edc4,Continental GTC,2011,Goldenrod,Marxog,1125.90,"Proin eu mi. Nulla ac enim. In tempor, turpis nec euismod scelerisque, quam turpis adipiscing lorem, vitae mattis nibh ligula nec sem."
bcfb4bec-3278-4996-91d7-d550ce45b0f0,A8,2007,Puce,Corticeiro de Baixo,2548.70,Aliquam quis turpis eget elit sodales scelerisque. Mauris sit amet eros. Suspendisse accumsan tortor quis turpis.
45db4361-3ae5-4b52-b4ab-6139c61f01a7,G37,2012,Teal,Soly,390.25,Aenean lectus. Pellentesque eget nunc. Donec quis orci eget orci vehicula condimentum.
ea15f295-2a88-49f0-9793-64a6a165d964,Q7,2008,Khaki,Saurama,3194.86,"Maecenas leo odio, condimentum id, luctus nec, molestie sed, justo. Pellentesque viverra pede ac diam. Cras pellentesque volutpat dui."
e7a0287f-7c18-4ebd-8376-29159c3b4f9a,GTO,1999,Green,Emin,3205.75,"Nam ultrices, libero non mattis pulvinar, nulla pede ullamcorper augue, a suscipit nulla elit ac nulla. Sed vel enim sit amet nunc viverra dapibus. Nulla suscipit ligula in lacus."
26331198-9443-4765-af0a-5765e2cf67e4,Explorer Sport Trac,2002,Yellow,Korçë,3052.93,Duis bibendum. Morbi non quam nec dui luctus rutrum. Nulla tellus.
1e4231e4-07a6-42e2-bb70-f4cbaad0ce2d,Rally Wagon G2500,1995,Aquamarine,Wutongkou,3132.73,"Fusce posuere felis sed lacus. Morbi sem mauris, laoreet ut, rhoncus aliquet, pulvinar sed, nisl. Nunc rhoncus dui vel sem."
fdde84bc-e5eb-41af-8c83-da67b706f8ad,Pilot,2003,Pink,Sasa,2322.11,"Cras mi pede, malesuada in, imperdiet et, commodo vulputate, justo. In blandit ultrices enim. Lorem ipsum dolor sit amet, consectetuer adipiscing elit."
ea019085-9b9d-4614-ab5d-1f2e350ed1c0,S60,2004,Violet,Ganlin,405.84,"Donec diam neque, vestibulum eget, vulputate ut, ultrices vel, augue. Vestibulum ante ipsum primis in faucibus orci luctus et ultrices posuere cubilia Curae; Donec pharetra, magna vestibulum aliquet ultrices, erat tortor sollicitudin mi, sit amet lobortis sapien sapien non mi. Integer ac neque."
b46917f0-fbd8-45f2-a6cc-d313f9d3d79e,Corolla,1996,Crimson,Berkovitsa,1058.09,"Morbi porttitor lorem id ligula. Suspendisse ornare consequat lectus. In est risus, auctor sed, tristique in, tempus sit amet, sem."
6f692dbf-6710-4a1f-9dbb-74e740e83f5b,Venture,2002,Green,Lagnieu,799.24,"Vestibulum ac est lacinia nisi venenatis tristique. Fusce congue, diam id ornare imperdiet, sapien urna pretium nisl, ut volutpat sapien arcu sed augue. Aliquam erat volutpat."
7f33e6dd-eaec-48e2-8f0c-bcc092f682da,Camaro,1981,Blue,Catolé do Rocha,1100.04,"In sagittis dui vel nisl. Duis ac nibh. Fusce lacus purus, aliquet at, feugiat non, pretium quis, lectus."
62d04279-af66-40d4-bd70-5a5c8d1be1ba,Navigator,2002,Crimson,Enhe Hada,3828.16,Sed ante. Vivamus tortor. Duis mattis egestas metus.
64ae404a-63ef-4231-a00c-bdf9024bebb3,911,2013,Puce,Vichuga,1229.70,"Morbi porttitor lorem id ligula. Suspendisse ornare consequat lectus. In est risus, auctor sed, tristique in, tempus sit amet, sem."
08d0c082-176f-40cf-bb61-b35d395837a2,Grand Marquis,1988,Puce,Fanzhuang,535.33,Fusce consequat. Nulla nisl. Nunc nisl.
bd1d92d2-9e3a-4d5d-958b-30e26d69dd91,Leganza,1999,Teal,Sokolo,3954.34,Duis consequat dui nec nisi volutpat eleifend. Donec ut dolor. Morbi vel lectus in quam fringilla rhoncus.
25d03892-fc74-4fc7-8e54-315c49d2b80e,Silverado 1500,2009,Puce,Feitoria,3292.62,"Praesent blandit. Nam nulla. Integer pede justo, lacinia eget, tincidunt eget, tempus vel, pede."
6e9f0709-f895-4af9-b213-926da440d805,Range Rover,1989,Purple,Trat,833.56,"Aenean fermentum. Donec ut mauris eget massa tempor convallis. Nulla neque libero, convallis eget, eleifend luctus, ultricies eu, nibh."
7df1e40a-2b71-43aa-8bf3-9a85ae82c4c7,Yaris,2009,Blue,Dungarvan,2364.33,"Maecenas tristique, est et tempus semper, est quam pharetra magna, ac consequat metus sapien ut nunc. Vestibulum ante ipsum primis in faucibus orci luctus et ultrices posuere cubilia Curae; Mauris viverra diam vitae quam. Suspendisse potenti."
52deef09-8c4e-4065-a541-d56137227edc,F-Series Super Duty,2007,Blue,Burträsk,2254.43,"Duis bibendum, felis sed interdum venenatis, turpis enim blandit mi, in porttitor pede justo eu massa. Donec dapibus. Duis at velit eu est congue elementum."
6661d82f-10f3-4209-889e-1bb876a4c42a,300,2012,Green,Balqash,2890.88,"Mauris enim leo, rhoncus sed, vestibulum sit amet, cursus id, turpis. Integer aliquet, massa id lobortis convallis, tortor risus dapibus augue, vel accumsan tellus nisi eu orci. Mauris lacinia sapien quis libero."
4eec5ec4-2b61-45e5-b83e-a5dbab371dc2,Scoupe,1992,Khaki,Huyu,2205.18,Nulla ut erat id mauris vulputate elementum. Nullam varius. Nulla facilisi.
038c521f-4c7c-4f77-8a3c-9e49c01b41d2,Tribute,2001,Teal,Kisumu,237.90,"Morbi non lectus. Aliquam sit amet diam in magna bibendum imperdiet. Nullam orci pede, venenatis non, sodales sed, tincidunt eu, felis."
a35455f7-2932-47e0-89c5-506dc6be1416,Outback,2000,Green,Seattle,1139.95,Pellentesque at nulla. Suspendisse potenti. Cras in purus eu magna vulputate luctus.
ad1f2ee9-b1d3-4f20-bbc3-b71f60b8c6cd,DBS,2010,Teal,Mompós,1244.74,"Fusce posuere felis sed lacus. Morbi sem mauris, laoreet ut, rhoncus aliquet, pulvinar sed, nisl. Nunc rhoncus dui vel sem."
a6c48234-447a-4632-a96c-c530d06c06e1,B-Series Plus,1998,Mauv,Yola,2849.52,Etiam vel augue. Vestibulum rutrum rutrum neque. Aenean auctor gravida sem.
fa7ba472-60dd-48da-8244-63e381621df8,XC90,2013,Crimson,Tiantai,2755.66,"Curabitur at ipsum ac tellus semper interdum. Mauris ullamcorper purus sit amet nulla. Quisque arcu libero, rutrum ac, lobortis vel, dapibus at, diam."
012a36ca-303c-4929-8ac8-c7d50fec2fba,Accord,1984,Purple,Tapacocha,2728.06,Phasellus sit amet erat. Nulla tempus. Vivamus in felis eu sapien cursus vestibulum.
057d4a84-1891-46e8-9a95-365454145f65,Dakota,1999,Crimson,Strel'na,2195.30,"Morbi porttitor lorem id ligula. Suspendisse ornare consequat lectus. In est risus, auctor sed, tristique in, tempus sit amet, sem."
12ca2525-fce2-402a-a5b8-5de74f6c1a17,Discovery,2007,Teal,Shibīn al Kawm,2294.27,Pellentesque at nulla. Suspendisse potenti. Cras in purus eu magna vulputate luctus.
46957fb7-2ab8-4aba-bb74-a0820087d028,Suburban 2500,1997,Maroon,Jutaí,3641.49,"Morbi non lectus. Aliquam sit amet diam in magna bibendum imperdiet. Nullam orci pede, venenatis non, sodales sed, tincidunt eu, felis."
4ce5de4e-a59b-43c7-afc2-fbd8d860c8db,Escort,1996,Red,Mlawe,1023.69,Integer ac leo. Pellentesque ultrices mattis odio. Donec vitae nisi.
ccbd7c8d-148f-4370-9afa-fba4f62a692a,XL-7,2007,Fuscia,Gaojian,2841.62,Nulla ut erat id mauris vulputate elementum. Nullam varius. Nulla facilisi.
da3aa0b7-f612-4703-adf2-8624b34e73e7,Ram 3500,2009,Violet,Kostel,2860.66,Sed ante. Vivamus tortor. Duis mattis egestas metus.
8165de61-9419-4c90-b8b7-74ef672a4cb6,Achieva,1996,Red,Nanping,3814.33,"Nam ultrices, libero non mattis pulvinar, nulla pede ullamcorper augue, a suscipit nulla elit ac nulla. Sed vel enim sit amet nunc viverra dapibus. Nulla suscipit ligula in lacus."
4d5bce4c-f9a5-4ab8-847f-a84fb4918ca2,Lancer Evolution,2005,Maroon,Petrolera,2825.94,Etiam vel augue. Vestibulum rutrum rutrum neque. Aenean auctor gravida sem.
021b9217-b978-4986-a711-7aeb5cf4cedb,Regal,2001,Maroon,Qingshui,643.62,Integer ac leo. Pellentesque ultrices mattis odio. Donec vitae nisi.
e17c906f-831a-4bd3-81d4-dd7637dfa02a,F350,2005,Teal,Tembeling,1598.45,"Proin interdum mauris non ligula pellentesque ultrices. Phasellus id sapien in sapien iaculis congue. Vivamus metus arcu, adipiscing molestie, hendrerit at, vulputate vitae, nisl."
65962804-d7a6-4eff-8f96-07e7ff0ea3c9,S80,2011,Goldenrod,Guiniculalay,2721.16,"Maecenas tristique, est et tempus semper, est quam pharetra magna, ac consequat metus sapien ut nunc. Vestibulum ante ipsum primis in faucibus orci luctus et ultrices posuere cubilia Curae; Mauris viverra diam vitae quam. Suspendisse potenti."
9ac6343a-88b7-4adb-b6c5-a0f41bebbc7f,Element,2008,Violet,Bugko,1521.12,Phasellus in felis. Donec semper sapien a libero. Nam dui.
b44c7607-7fe4-405e-bea3-57e6906359b0,GTO,1968,Crimson,Hongos,346.74,"Curabitur at ipsum ac tellus semper interdum. Mauris ullamcorper purus sit amet nulla. Quisque arcu libero, rutrum ac, lobortis vel, dapibus at, diam."
2bf1401c-5c0d-4ed1-b80c-6aa190748a28,Sidekick,1997,Violet,Al Qāmishlī,1097.15,Fusce consequat. Nulla nisl. Nunc nisl.
90c0d7aa-6d41-4ef6-b6f9-9a65784d1e8a,Legacy,1990,Blue,Xianan,654.99,Phasellus in felis. Donec semper sapien a libero. Nam dui.
d0259c37-a456-46b0-8ba7-ef6fc7fd2255,Taurus,2011,Goldenrod,Villeneuve-d'Ascq,1641.10,Praesent id massa id nisl venenatis lacinia. Aenean sit amet justo. Morbi ut odio.
e4763bc6-0bd7-4a30-938a-af70ba8c651c,Firebird,1984,Puce,Xinhua,1091.78,"Vestibulum ac est lacinia nisi venenatis tristique. Fusce congue, diam id ornare imperdiet, sapien urna pretium nisl, ut volutpat sapien arcu sed augue. Aliquam erat volutpat."
dc8cb77c-d2c6-4811-a9b4-c415fbb9fbe6,Frontier,1999,Teal,Зуунмод,3379.53,Cras non velit nec nisi vulputate nonummy. Maecenas tincidunt lacus at velit. Vivamus vel nulla eget eros elementum pellentesque.
4a22290c-8628-4025-840e-b7f1e7b1a209,Rio,2005,Puce,Överkalix,3766.53,"Praesent blandit. Nam nulla. Integer pede justo, lacinia eget, tincidunt eget, tempus vel, pede."
ecda03e8-cf83-4e62-b4b2-3d4adde82df0,Grand Voyager,1998,Mauv,Nicoya,3951.19,"Quisque id justo sit amet sapien dignissim vestibulum. Vestibulum ante ipsum primis in faucibus orci luctus et ultrices posuere cubilia Curae; Nulla dapibus dolor vel est. Donec odio justo, sollicitudin ut, suscipit a, feugiat et, eros."
2e78aca2-1665-4086-9229-6905b138e0b5,RX Hybrid,2007,Goldenrod,Örnsköldsvik,151.72,"Vestibulum quam sapien, varius ut, blandit non, interdum in, ante. Vestibulum ante ipsum primis in faucibus orci luctus et ultrices posuere cubilia Curae; Duis faucibus accumsan odio. Curabitur convallis."
cfd7dcef-3966-4c8d-872e-41c69ce638a8,Mark VIII,1993,Indigo,Xiangjiazhai,1212.62,"In hac habitasse platea dictumst. Morbi vestibulum, velit id pretium iaculis, diam erat fermentum justo, nec condimentum neque sapien placerat ante. Nulla justo."
c5963bfb-cc8f-498a-857e-920dfa122051,Tracer,1992,Green,Banjar Sebual,3927.28,"Mauris enim leo, rhoncus sed, vestibulum sit amet, cursus id, turpis. Integer aliquet, massa id lobortis convallis, tortor risus dapibus augue, vel accumsan tellus nisi eu orci. Mauris lacinia sapien quis libero."
d5749e57-6450-4486-b9c3-1c6c47516635,X-Type,2003,Blue,Bílina Kyselka,3871.09,"Quisque id justo sit amet sapien dignissim vestibulum. Vestibulum ante ipsum primis in faucibus orci luctus et ultrices posuere cubilia Curae; Nulla dapibus dolor vel est. Donec odio justo, sollicitudin ut, suscipit a, feugiat et, eros."
abe175e6-989a-4294-b4df-3732b537905a,Mazda6 Sport,2006,Violet,Villejuif,1770.75,"In hac habitasse platea dictumst. Morbi vestibulum, velit id pretium iaculis, diam erat fermentum justo, nec condimentum neque sapien placerat ante. Nulla justo."
89a43152-d45a-42ad-80e5-eabb9c936371,Sentra,1991,Crimson,Chaniá,250.84,"Maecenas leo odio, condimentum id, luctus nec, molestie sed, justo. Pellentesque viverra pede ac diam. Cras pellentesque volutpat dui."
5358164b-f322-4593-9cca-32f176a3fd7c,Cobalt,2006,Teal,Ballyhaunis,1306.13,Cras non velit nec nisi vulputate nonummy. Maecenas tincidunt lacus at velit. Vivamus vel nulla eget eros elementum pellentesque.
f9e5ab98-64ab-4e7c-921b-b99be01d5e9c,Alcyone SVX,1995,Pink,Tres Arroyos,1513.16,"Curabitur gravida nisi at nibh. In hac habitasse platea dictumst. Aliquam augue quam, sollicitudin vitae, consectetuer eget, rutrum at, lorem."
ca9465f4-8026-4635-a6c1-e9795c4a9368,TSX,2007,Puce,Palebunan,1395.79,"Lorem ipsum dolor sit amet, consectetuer adipiscing elit. Proin risus. Praesent lectus."
cbad112c-50ae-40c9-9eb7-2fcca547eaa0,Escalade,2004,Purple,Borino,3016.70,"Lorem ipsum dolor sit amet, consectetuer adipiscing elit. Proin risus. Praesent lectus."
ddfebd6e-53c3-4f66-99a0-3a3a9f6018b8,Fairlane,1965,Purple,Camingawan,1572.16,Phasellus in felis. Donec semper sapien a libero. Nam dui.
6857ca5b-d8ef-46c4-836b-3781ee86e64f,Liberty,2005,Yellow,Krajan Demit,3696.36,"Morbi non lectus. Aliquam sit amet diam in magna bibendum imperdiet. Nullam orci pede, venenatis non, sodales sed, tincidunt eu, felis."
2d99dd88-69b6-45bb-bc01-af0e67107804,G6,2009,Khaki,Caldas da Felgueira,847.79,"Cras mi pede, malesuada in, imperdiet et, commodo vulputate, justo. In blandit ultrices enim. Lorem ipsum dolor sit amet, consectetuer adipiscing elit."
f4e47cdf-0970-4ec7-91a6-e3c9d317eaa9,Voyager,2002,Khaki,Caeté,1422.47,"Donec diam neque, vestibulum eget, vulputate ut, ultrices vel, augue. Vestibulum ante ipsum primis in faucibus orci luctus et ultrices posuere cubilia Curae; Donec pharetra, magna vestibulum aliquet ultrices, erat tortor sollicitudin mi, sit amet lobortis sapien sapien non mi. Integer ac neque."
f423101a-46a8-4fa9-b0a3-60fe963fcef3,Grand Vitara,2001,Turquoise,Lomba,2268.99,Aenean lectus. Pellentesque eget nunc. Donec quis orci eget orci vehicula condimentum.
c9c3485b-7b12-4007-aec1-e03f36890ad3,Five Hundred,2005,Violet,Oetutulul,2916.47,"In hac habitasse platea dictumst. Morbi vestibulum, velit id pretium iaculis, diam erat fermentum justo, nec condimentum neque sapien placerat ante. Nulla justo."
9531b855-2b21-439c-8362-8f7192959eef,Voyager,2001,Green,Vrbas,3630.46,Phasellus in felis. Donec semper sapien a libero. Nam dui.
d78d5235-3675-44e3-957e-ae6bb1d206bd,B2600,1989,Orange,Kansas City,273.36,Maecenas ut massa quis augue luctus tincidunt. Nulla mollis molestie lorem. Quisque ut erat.
2d68c925-9d40-4f0b-a8a9-fe3faca4ff42,Corvette,1959,Green,Shaheying,626.39,"Curabitur in libero ut massa volutpat convallis. Morbi odio odio, elementum eu, interdum eu, tincidunt in, leo. Maecenas pulvinar lobortis est."
d8c5fde6-f687-4d1a-98a3-d0e1b4272564,Rodeo Sport,2001,Yellow,Caloue,2900.90,"Lorem ipsum dolor sit amet, consectetuer adipiscing elit. Proin risus. Praesent lectus."
a03480fb-bfe5-4503-b08f-e43a4f22fb19,Cabriolet,1986,Maroon,Gaozhou,340.39,"Praesent blandit. Nam nulla. Integer pede justo, lacinia eget, tincidunt eget, tempus vel, pede."
678292e6-089d-458a-a16d-5a2bed18677a,Bonneville,1988,Aquamarine,La Gomera,984.04,In hac habitasse platea dictumst. Etiam faucibus cursus urna. Ut tellus.
a61660ae-9c30-4ed2-8ed1-c8abc611ff64,MKT,2012,Khaki,Prislonica,3769.71,"Quisque id justo sit amet sapien dignissim vestibulum. Vestibulum ante ipsum primis in faucibus orci luctus et ultrices posuere cubilia Curae; Nulla dapibus dolor vel est. Donec odio justo, sollicitudin ut, suscipit a, feugiat et, eros."
97077c8e-3cf0-4f6d-8a39-2a8bbd3955d9,Caravan,2012,Turquoise,Menggusi,368.75,"Cum sociis natoque penatibus et magnis dis parturient montes, nascetur ridiculus mus. Vivamus vestibulum sagittis sapien. Cum sociis natoque penatibus et magnis dis parturient montes, nascetur ridiculus mus."
59fc026b-9df4-4fc2-95b5-d1997fcbfd7b,Z4,2008,Turquoise,Kosti,617.96,Maecenas ut massa quis augue luctus tincidunt. Nulla mollis molestie lorem. Quisque ut erat.
1a83b42a-53bc-4ef2-982e-89cf227898e4,GTI,1989,Puce,Changzheng,1689.69,In congue. Etiam justo. Etiam pretium iaculis justo.
a25ba753-574c-45d2-9262-c813673932d7,Ram 3500,1998,Fuscia,Nirgua,3795.11,Nullam porttitor lacus at turpis. Donec posuere metus vitae ipsum. Aliquam non mauris.
ed187256-62df-4204-ae0a-8feeaead2d93,Neon,2000,Goldenrod,Arma,1317.55,"In hac habitasse platea dictumst. Morbi vestibulum, velit id pretium iaculis, diam erat fermentum justo, nec condimentum neque sapien placerat ante. Nulla justo."
b60a45ea-937a-45e8-8bbe-0f3a21518961,Neon,2003,Violet,Satowebrang,1882.40,Phasellus sit amet erat. Nulla tempus. Vivamus in felis eu sapien cursus vestibulum.
fd639df0-461a-46bf-85c0-a2302653e0b5,Avenger,1998,Purple,Néa Karváli,1060.55,"In sagittis dui vel nisl. Duis ac nibh. Fusce lacus purus, aliquet at, feugiat non, pretium quis, lectus."
bfdcd032-646f-4a02-a38c-e9042f71d83c,LS,1991,Indigo,Yŏnggwang-ŭp,3053.01,"In sagittis dui vel nisl. Duis ac nibh. Fusce lacus purus, aliquet at, feugiat non, pretium quis, lectus."
e47b44ab-f569-46c8-87b8-26965bb74404,Express 2500,1996,Turquoise,La Reforma,1747.66,"Proin eu mi. Nulla ac enim. In tempor, turpis nec euismod scelerisque, quam turpis adipiscing lorem, vitae mattis nibh ligula nec sem."
c4e813be-8439-4a0b-a0ec-a41c84df7884,Mohave/Borrego,2009,Fuscia,Lordegān,484.24,Nullam porttitor lacus at turpis. Donec posuere metus vitae ipsum. Aliquam non mauris.
bc3312e5-79b3-4e3f-af65-5139cb0b566d,200SX,1998,Indigo,Krokeaí,3073.50,"Cras mi pede, malesuada in, imperdiet et, commodo vulputate, justo. In blandit ultrices enim. Lorem ipsum dolor sit amet, consectetuer adipiscing elit."
df690a13-7e79-44f2-8694-7b86295bc626,Sportvan G20,1992,Mauv,Zürich,376.78,"Maecenas leo odio, condimentum id, luctus nec, molestie sed, justo. Pellentesque viverra pede ac diam. Cras pellentesque volutpat dui."
a99069d7-6a0b-4b88-ab79-7524a135617e,SL-Class,2009,Fuscia,Tomdibuloq,3735.15,"Fusce posuere felis sed lacus. Morbi sem mauris, laoreet ut, rhoncus aliquet, pulvinar sed, nisl. Nunc rhoncus dui vel sem."
0d43eb83-ab6d-467f-9dbb-e60973d34ff3,Charger,1999,Aquamarine,Jianguo,3465.21,"Fusce posuere felis sed lacus. Morbi sem mauris, laoreet ut, rhoncus aliquet, pulvinar sed, nisl. Nunc rhoncus dui vel sem."
2f95871f-939f-4906-b4f9-4e4f8c1ccaca,Liberty,2011,Pink,Selorejo,933.74,Etiam vel augue. Vestibulum rutrum rutrum neque. Aenean auctor gravida sem.
6a30dfe2-906f-48bb-8eb5-31c5c782b1d8,Impreza,2004,Mauv,Chengqu,441.09,In congue. Etiam justo. Etiam pretium iaculis justo.
337e59ba-5631-4ca8-a62a-5b639037957a,QX56,2010,Khaki,Egbe,3766.22,Duis consequat dui nec nisi volutpat eleifend. Donec ut dolor. Morbi vel lectus in quam fringilla rhoncus.
3e3d78c5-199f-472b-96bd-1f15d86def2d,M-Class,2012,Purple,Botshabelo,1678.61,"Donec diam neque, vestibulum eget, vulputate ut, ultrices vel, augue. Vestibulum ante ipsum primis in faucibus orci luctus et ultrices posuere cubilia Curae; Donec pharetra, magna vestibulum aliquet ultrices, erat tortor sollicitudin mi, sit amet lobortis sapien sapien non mi. Integer ac neque."
cf770238-70f1-4cea-87e4-2cbe5109bda8,Corvette,1972,Goldenrod,Tuchomie,1824.59,"Quisque id justo sit amet sapien dignissim vestibulum. Vestibulum ante ipsum primis in faucibus orci luctus et ultrices posuere cubilia Curae; Nulla dapibus dolor vel est. Donec odio justo, sollicitudin ut, suscipit a, feugiat et, eros."
a0a7d509-989b-4260-abbe-da3434db2263,Crown Victoria,2008,Mauv,Majāz al Bāb,3350.47,Pellentesque at nulla. Suspendisse potenti. Cras in purus eu magna vulputate luctus.
d6ffe1b5-2035-4a96-98d7-1b125fb2397c,Celica,2004,Indigo,El Paso,274.60,"Fusce posuere felis sed lacus. Morbi sem mauris, laoreet ut, rhoncus aliquet, pulvinar sed, nisl. Nunc rhoncus dui vel sem."
901a2ac6-4c6d-4f3b-a9d8-9ec3d35b592d,Villager,1993,Puce,Balpyk Bī,110.58,"Aenean fermentum. Donec ut mauris eget massa tempor convallis. Nulla neque libero, convallis eget, eleifend luctus, ultricies eu, nibh."
717a4b35-b4f3-422d-be1c-8bd7aaf9318f,Skyhawk,1989,Fuscia,Pimian,3913.44,Cras non velit nec nisi vulputate nonummy. Maecenas tincidunt lacus at velit. Vivamus vel nulla eget eros elementum pellentesque.
cada2eea-3ddd-402c-9215-4b588957d860,Mountaineer,2001,Maroon,Luga,1352.15,"Vestibulum quam sapien, varius ut, blandit non, interdum in, ante. Vestibulum ante ipsum primis in faucibus orci luctus et ultrices posuere cubilia Curae; Duis faucibus accumsan odio. Curabitur convallis."
2d276fbb-87cd-4dbb-864d-e599a4cf4465,Corvette,2001,Crimson,Yangjia,1741.18,"Sed sagittis. Nam congue, risus semper porta volutpat, quam pede lobortis ligula, sit amet eleifend pede libero quis orci. Nullam molestie nibh in lectus."
70db0360-ce7b-49cc-95b0-7a5eea9e5f96,Integra,2001,Goldenrod,Venda Nova,1290.73,Duis consequat dui nec nisi volutpat eleifend. Donec ut dolor. Morbi vel lectus in quam fringilla rhoncus.
2e38c7a6-33cf-4401-8ef4-5861ecccb1cb,DTS,2008,Purple,Lebedyn,2416.51,Duis aliquam convallis nunc. Proin at turpis a pede posuere nonummy. Integer non velit.
cd87f25a-f769-45ab-be4a-c0ba9dd8cc1c,929,1994,Turquoise,Konary,321.78,"Sed sagittis. Nam congue, risus semper porta volutpat, quam pede lobortis ligula, sit amet eleifend pede libero quis orci. Nullam molestie nibh in lectus."
a0bf9761-a28e-4212-a052-a041544ac25b,Voyager,2000,Goldenrod,Ubon Ratchathani,3571.11,"Lorem ipsum dolor sit amet, consectetuer adipiscing elit. Proin risus. Praesent lectus."
d468284a-4bc3-452c-add2-17296f848007,Sienna,2002,Turquoise,Kototujuh,905.10,"Proin interdum mauris non ligula pellentesque ultrices. Phasellus id sapien in sapien iaculis congue. Vivamus metus arcu, adipiscing molestie, hendrerit at, vulputate vitae, nisl."
72a1b274-a630-469d-a946-6565cb416b6f,Fiesta,2013,Fuscia,Zselickislak,2932.15,"Quisque id justo sit amet sapien dignissim vestibulum. Vestibulum ante ipsum primis in faucibus orci luctus et ultrices posuere cubilia Curae; Nulla dapibus dolor vel est. Donec odio justo, sollicitudin ut, suscipit a, feugiat et, eros."
675eba51-e41e-4c04-8108-72bdbe242f18,RAV4,1997,Purple,Dengzhou,3371.87,"Maecenas leo odio, condimentum id, luctus nec, molestie sed, justo. Pellentesque viverra pede ac diam. Cras pellentesque volutpat dui."
2b2616f5-ad4e-4eac-8d2e-4fd196b8708f,Jetta,1992,Puce,Ängelholm,3231.01,Integer ac leo. Pellentesque ultrices mattis odio. Donec vitae nisi.
519a28a9-3b73-44ed-bee4-9c1dd14cc33c,5 Series,1993,Red,Nyuksenitsa,2979.83,Nulla ut erat id mauris vulputate elementum. Nullam varius. Nulla facilisi.
8d93c248-cb45-459a-a06f-4968d53a49fe,Coupe Quattro,1990,Fuscia,Bubullimë,3679.38,"Curabitur at ipsum ac tellus semper interdum. Mauris ullamcorper purus sit amet nulla. Quisque arcu libero, rutrum ac, lobortis vel, dapibus at, diam."
7295b672-b00c-46be-b577-a578de9c0dca,Elise,2010,Turquoise,Przywidz,2467.94,"Lorem ipsum dolor sit amet, consectetuer adipiscing elit. Proin risus. Praesent lectus."
958621e2-3d84-47bb-9518-83d406495f2b,Grand Voyager,1998,Blue,Drammen,1562.71,Sed ante. Vivamus tortor. Duis mattis egestas metus.
9a744a1a-5a41-4aab-a932-2870651ea3ac,Neon,1997,Orange,Jiaogong,188.46,"Fusce posuere felis sed lacus. Morbi sem mauris, laoreet ut, rhoncus aliquet, pulvinar sed, nisl. Nunc rhoncus dui vel sem."
c9653060-88bc-4d3a-84b9-3d23c40479a9,M6,2010,Yellow,Taramana,3662.05,Duis bibendum. Morbi non quam nec dui luctus rutrum. Nulla tellus.
be1f57a8-a9f9-49f9-8700-3455004b33c8,A5,2012,Indigo,Tayabo,3573.69,Sed ante. Vivamus tortor. Duis mattis egestas metus.
82d789d5-0b7e-47ba-adeb-84ed5a03cdc7,Esteem,2000,Fuscia,Fratar,1934.16,Cras non velit nec nisi vulputate nonummy. Maecenas tincidunt lacus at velit. Vivamus vel nulla eget eros elementum pellentesque.
b58ba28d-0c6d-45a8-8a21-3449a9eee67a,XL7,2006,Mauv,Achiras,567.38,"Proin leo odio, porttitor id, consequat in, consequat ut, nulla. Sed accumsan felis. Ut at dolor quis odio consequat varius."
de6dd125-48a9-45c0-bc1a-745a04adf205,CTS-V,2006,Mauv,Zheng’an,410.69,Phasellus in felis. Donec semper sapien a libero. Nam dui.
1099989d-603f-4f9c-a68a-801535bb313f,Suburban 1500,2003,Yellow,Red Hill,1071.23,"Donec diam neque, vestibulum eget, vulputate ut, ultrices vel, augue. Vestibulum ante ipsum primis in faucibus orci luctus et ultrices posuere cubilia Curae; Donec pharetra, magna vestibulum aliquet ultrices, erat tortor sollicitudin mi, sit amet lobortis sapien sapien non mi. Integer ac neque."
2a545592-19b1-4c56-9e64-be63f37f2ea0,Colt,1994,Khaki,Paso de Carrasco,544.58,Suspendisse potenti. In eleifend quam a odio. In hac habitasse platea dictumst.
91c8ad42-3e07-499f-9f94-bdea9b11e5c4,Somerset,1985,Maroon,Buk,3141.92,"Quisque porta volutpat erat. Quisque erat eros, viverra eget, congue eget, semper rutrum, nulla. Nunc purus."
37339e4b-a415-4821-9f12-c2bf8a5e1a7e,XT,1986,Turquoise,Rybnoye,3722.54,Nulla ut erat id mauris vulputate elementum. Nullam varius. Nulla facilisi.
d2c698db-bd79-4506-bf4d-10f6eed4766e,Bonneville,1991,Khaki,Zyryanovsk,751.78,"Fusce posuere felis sed lacus. Morbi sem mauris, laoreet ut, rhoncus aliquet, pulvinar sed, nisl. Nunc rhoncus dui vel sem."
5c6776da-dbbb-46b8-a20a-47d39c5531b4,Golf,1983,Maroon,Amagi,3853.09,"In hac habitasse platea dictumst. Morbi vestibulum, velit id pretium iaculis, diam erat fermentum justo, nec condimentum neque sapien placerat ante. Nulla justo."
7d0c34ce-ab47-4461-8531-f5a288309b4f,XL-7,2008,Blue,Riachão do Jacuípe,3215.38,"Nam ultrices, libero non mattis pulvinar, nulla pede ullamcorper augue, a suscipit nulla elit ac nulla. Sed vel enim sit amet nunc viverra dapibus. Nulla suscipit ligula in lacus."
8c77a265-7f17-4349-8922-39d3138016fd,Tacoma,1998,Yellow,Mahdia,3497.58,"Quisque porta volutpat erat. Quisque erat eros, viverra eget, congue eget, semper rutrum, nulla. Nunc purus."
a4be81dc-8d8b-443e-b2ca-308065fa8515,Maxima,1993,Purple,Ferraz de Vasconcelos,3475.05,"Donec diam neque, vestibulum eget, vulputate ut, ultrices vel, augue. Vestibulum ante ipsum primis in faucibus orci luctus et ultrices posuere cubilia Curae; Donec pharetra, magna vestibulum aliquet ultrices, erat tortor sollicitudin mi, sit amet lobortis sapien sapien non mi. Integer ac neque."
e127b595-a0a4-4964-bc0f-ac516b67c7c1,Tribeca,2012,Crimson,Subic,2126.16,"Maecenas tristique, est et tempus semper, est quam pharetra magna, ac consequat metus sapien ut nunc. Vestibulum ante ipsum primis in faucibus orci luctus et ultrices posuere cubilia Curae; Mauris viverra diam vitae quam. Suspendisse potenti."
6b67fd80-68e7-4f28-94e7-f665f6cbe56a,530,2007,Indigo,Avdzaga,2588.50,"Aenean fermentum. Donec ut mauris eget massa tempor convallis. Nulla neque libero, convallis eget, eleifend luctus, ultricies eu, nibh."
97698bd4-baae-411c-b7dc-21b08fa28fb8,CLS-Class,2007,Pink,Nowe Brzesko,2959.68,"Mauris enim leo, rhoncus sed, vestibulum sit amet, cursus id, turpis. Integer aliquet, massa id lobortis convallis, tortor risus dapibus augue, vel accumsan tellus nisi eu orci. Mauris lacinia sapien quis libero."
ef128c9d-f04a-4f1d-8a7b-d784c804ed04,1500,1994,Green,Az Zabadānī,1468.14,"Sed sagittis. Nam congue, risus semper porta volutpat, quam pede lobortis ligula, sit amet eleifend pede libero quis orci. Nullam molestie nibh in lectus."
d07988ff-5241-4ea8-9be3-1f18836195db,B2600,1987,Khaki,Musalerr,2497.08,"Praesent blandit. Nam nulla. Integer pede justo, lacinia eget, tincidunt eget, tempus vel, pede."
46f81223-2ec6-4c05-b2c8-9b07cf0e9e47,B-Series,2007,Yellow,Lantian,3931.00,Pellentesque at nulla. Suspendisse potenti. Cras in purus eu magna vulputate luctus.
e09fb1e0-7873-404b-96b5-e44ce69fd70c,LX,2005,Fuscia,Jāsim,3347.52,"Cras mi pede, malesuada in, imperdiet et, commodo vulputate, justo. In blandit ultrices enim. Lorem ipsum dolor sit amet, consectetuer adipiscing elit."
054a9929-a185-4a5c-914d-04dc3d5ce05b,Taurus,2000,Puce,Ogaminan,3619.78,"Maecenas leo odio, condimentum id, luctus nec, molestie sed, justo. Pellentesque viverra pede ac diam. Cras pellentesque volutpat dui."
8639fb8d-5810-47cc-a591-789653433eed,Prelude,1993,Purple,Kuvandyk,3256.92,"Praesent blandit. Nam nulla. Integer pede justo, lacinia eget, tincidunt eget, tempus vel, pede."
30f7042e-8600-44c0-8f89-1cbf578bbdb9,GTO,2005,Indigo,Aianí,596.86,Nulla ut erat id mauris vulputate elementum. Nullam varius. Nulla facilisi.
6bc2a156-9b0b-414f-abdc-f2bc785ab1ce,Escalade ESV,2005,Blue,San Antonio,2319.52,Aliquam quis turpis eget elit sodales scelerisque. Mauris sit amet eros. Suspendisse accumsan tortor quis turpis.
586d2ab0-c92c-468b-9941-ff1983c41d9f,Gallardo,2006,Aquamarine,Duanshen,966.18,"Proin leo odio, porttitor id, consequat in, consequat ut, nulla. Sed accumsan felis. Ut at dolor quis odio consequat varius."
94702464-bf51-4617-8bb3-edad02ffb6d2,E250,2005,Pink,Yimnón,909.72,Integer tincidunt ante vel ipsum. Praesent blandit lacinia erat. Vestibulum sed magna at nunc commodo placerat.
5255cdbb-dd07-482d-b6e2-eed6b4c67fb3,Mini Cooper,1964,Khaki,Zhiqing Songduo,2631.77,"Lorem ipsum dolor sit amet, consectetuer adipiscing elit. Proin risus. Praesent lectus."
7284fb31-050a-458a-988a-15adb1047ff7,Miata MX-5,1993,Fuscia,Hanyuan,1508.67,In quis justo. Maecenas rhoncus aliquam lacus. Morbi quis tortor id nulla ultrices aliquet.
63fb721a-e33e-4333-9528-8a0f9138cc0d,C-Class,2008,Maroon,Pankshin,1333.58,Phasellus in felis. Donec semper sapien a libero. Nam dui.
3052ebcb-9f11-4dc9-a66d-a8fc813adff9,Escalade ESV,2007,Red,Arroyo Salado,896.37,"Curabitur at ipsum ac tellus semper interdum. Mauris ullamcorper purus sit amet nulla. Quisque arcu libero, rutrum ac, lobortis vel, dapibus at, diam."
e16f2700-cc46-414a-9209-8b854011791c,8 Series,1993,Khaki,Chacarita,1026.73,"Curabitur in libero ut massa volutpat convallis. Morbi odio odio, elementum eu, interdum eu, tincidunt in, leo. Maecenas pulvinar lobortis est."
960cf2a0-c91f-41ce-9754-20b22c9b2a7f,C70,2010,Red,Wolmaransstad,1683.01,"Morbi porttitor lorem id ligula. Suspendisse ornare consequat lectus. In est risus, auctor sed, tristique in, tempus sit amet, sem."
285f9ea6-0660-4ba6-8004-95cffee140e5,Camry,1999,Indigo,Vorzel’,2075.21,"Sed sagittis. Nam congue, risus semper porta volutpat, quam pede lobortis ligula, sit amet eleifend pede libero quis orci. Nullam molestie nibh in lectus."
de62fbfe-cf7c-42a6-82d5-249d50ae816f,Range Rover,1991,Teal,Ar Riqāmā,1739.31,Praesent id massa id nisl venenatis lacinia. Aenean sit amet justo. Morbi ut odio.
2d7a0102-1d4b-40bf-ac85-786dc180b8ac,Tundra,2005,Violet,Salzburg,2714.68,Nullam sit amet turpis elementum ligula vehicula consequat. Morbi a ipsum. Integer a nibh.
cda000ce-03b8-4d62-afd5-4a2ff84827d5,Villager,1999,Green,Kizilyurt,308.90,Nulla ut erat id mauris vulputate elementum. Nullam varius. Nulla facilisi.
aae98f02-cb1b-455d-8966-d72d0ea3eb7a,Z4,2005,Red,Quebo,1068.04,Phasellus sit amet erat. Nulla tempus. Vivamus in felis eu sapien cursus vestibulum.
ae2d3e91-28e2-4870-b98c-61ce768aa276,Cabriolet,1995,Crimson,Shchuchin,275.32,"Aenean fermentum. Donec ut mauris eget massa tempor convallis. Nulla neque libero, convallis eget, eleifend luctus, ultricies eu, nibh."
98cd533c-166f-4601-888a-89ab08bb9f18,Liberty,2009,Turquoise,Taouloukoult,3427.08,Nullam sit amet turpis elementum ligula vehicula consequat. Morbi a ipsum. Integer a nibh.
55679528-f6bf-466c-989a-0c073268081a,Raider,2006,Puce,Červené Pečky,2461.43,"In sagittis dui vel nisl. Duis ac nibh. Fusce lacus purus, aliquet at, feugiat non, pretium quis, lectus."
b0877763-a000-4f7e-ad74-48fc5f56a191,rio,1998,Fuscia,Leskovac,226.02,"Maecenas leo odio, condimentum id, luctus nec, molestie sed, justo. Pellentesque viverra pede ac diam. Cras pellentesque volutpat dui."
72403153-2140-4574-9c32-55a4003ffec8,A8,1997,Goldenrod,Zapala,1307.78,"Sed sagittis. Nam congue, risus semper porta volutpat, quam pede lobortis ligula, sit amet eleifend pede libero quis orci. Nullam molestie nibh in lectus."
409f1a71-379a-4780-b908-0dc86d29bf40,E-Class,2003,Crimson,Västerås,1738.00,"Curabitur gravida nisi at nibh. In hac habitasse platea dictumst. Aliquam augue quam, sollicitudin vitae, consectetuer eget, rutrum at, lorem."
3b8cfff0-d7ef-4a20-829d-afdc3b7fbbb4,Yaris,2011,Turquoise,San Francisco,2042.11,"Vestibulum ac est lacinia nisi venenatis tristique. Fusce congue, diam id ornare imperdiet, sapien urna pretium nisl, ut volutpat sapien arcu sed augue. Aliquam erat volutpat."
ddb22732-095a-41c8-9cb0-c5f19378d3d8,B-Series,1989,Yellow,Tuguanpu,2717.38,Fusce consequat. Nulla nisl. Nunc nisl.
bc79f002-26ab-4523-93d5-7f071442fe6c,Mustang,1991,Aquamarine,Bertioga,2324.14,Suspendisse potenti. In eleifend quam a odio. In hac habitasse platea dictumst.
f19d2a60-696c-4d77-9ebc-9243d4da10af,Caliber,2008,Yellow,Comrat,104.41,Sed ante. Vivamus tortor. Duis mattis egestas metus.
09c843ef-dcbf-43a2-be6a-4a29ea4024ba,Silverado,2007,Khaki,San Antonio del Monte,2868.83,"Nam ultrices, libero non mattis pulvinar, nulla pede ullamcorper augue, a suscipit nulla elit ac nulla. Sed vel enim sit amet nunc viverra dapibus. Nulla suscipit ligula in lacus."
277824e0-95e7-4bda-bfa3-d9d545bc9237,Econoline E350,1993,Red,Magway,777.38,"Proin eu mi. Nulla ac enim. In tempor, turpis nec euismod scelerisque, quam turpis adipiscing lorem, vitae mattis nibh ligula nec sem."
a8b377f8-4668-4cc1-a859-04e8623b0edf,CR-X,1984,Puce,Yanzhao,1028.48,"Duis bibendum, felis sed interdum venenatis, turpis enim blandit mi, in porttitor pede justo eu massa. Donec dapibus. Duis at velit eu est congue elementum."
